rlrange=50,sigma2=10
Scale,nR,nL,RSCT1,RSCT2,BFST1,RSCL1,RSCL2,BFSL
0,0,0,1.9648799999981037e-05,2.2847999999987324e-05,0.004586977399999979,13.416,13.416,3.312
rlrange=50,sigma2=10
Scale,nR,nL,RSCT1,RSCT2,BFST1,RSCL1,RSCL2,BFSL
0,0,0,2.001219999999293e-05,2.337320000000531e-05,0.005751182400000015,13.494,13.494,3.314
rlrange=50,sigma2=10
Scale,nR,nL,RSCT1,RSCT2,BFST1,RSCL1,RSCL2,BFSL
0,0,0,2.0282000000079848e-05,2.3773999999995964e-05,0.004851572200000014,14.006,14.006,3.41
rlrange=50,sigma2=10
Scale,nR,nL,RSCT1,RSCT2,BFST1,RSCL1,RSCL2,BFSL
0,0,0,1.880860000003537e-05,2.1856200000108572e-05,0.0052698910000000725,13.396,13.396,3.342
rlrange=50,sigma2=10
Scale,nR,nL,RSCT1,RSCT2,BFST1,RSCL1,RSCL2,BFSL
0,0,0,2.0090800000055254e-05,2.329700000010604e-05,0.005570797600000006,13.798,13.798,3.348
rlrange=50,sigma2=10
Scale,nR,nL,RSCT1,RSCT2,BFST1,RSCL1,RSCL2,BFSL
0,0,0,2.0915199999848255e-05,2.4233799999720416e-05,0.005119055599999939,12.136,12.136,3.304
rlrange=50,sigma2=10
Scale,nR,nL,RSCT1,RSCT2,BFST1,RSCL1,RSCL2,BFSL
0,0,0,1.9157800000172644e-05,2.217740000016022e-05,0.004157086000000049,13.85,13.85,3.38
rlrange=50,sigma2=10
Scale,nR,nL,RSCT1,RSCT2,BFST1,RSCL1,RSCL2,BFSL
0,0,0,2.2199200000102338e-05,2.5916200000054347e-05,0.006284816999999833,13.81,13.81,3.354
rlrange=50,sigma2=10
Scale,nR,nL,RSCT1,RSCT2,BFST1,RSCL1,RSCL2,BFSL
0,0,0,2.3313600000122393e-05,2.7300000000167302e-05,0.006023077600000008,12.564,12.564,3.36
rlrange=50,sigma2=10
Scale,nR,nL,RSCT1,RSCT2,BFST1,RSCL1,RSCL2,BFSL
0,0,0,2.5528400000098372e-05,2.973740000015823e-05,0.005879370200000139,14.282,14.282,3.35
rlrange=50,sigma2=10
Scale,nR,nL,RSCT1,RSCT2,BFST1,RSCL1,RSCL2,BFSL
0,0,0,2.5567799999777206e-05,2.961720000007517e-05,0.005560428999999744,14.434,14.434,3.356
rlrange=50,sigma2=10
Scale,nR,nL,RSCT1,RSCT2,BFST1,RSCL1,RSCL2,BFSL
0,0,0,2.328339999957052e-05,2.7212599999245413e-05,0.006063599199999999,13.292,13.292,3.356
rlrange=50,sigma2=10
Scale,nR,nL,RSCT1,RSCT2,BFST1,RSCL1,RSCL2,BFSL
0,0,0,2.385319999993385e-05,2.798920000006433e-05,0.006026514200000235,13.174,13.174,3.31
rlrange=50,sigma2=10
Scale,nR,nL,RSCT1,RSCT2,BFST1,RSCL1,RSCL2,BFSL
0,0,0,2.5318600000474588e-05,2.928880000027334e-05,0.005844620399999627,13.83,13.83,3.378
rlrange=50,sigma2=10
Scale,nR,nL,RSCT1,RSCT2,BFST1,RSCL1,RSCL2,BFSL
0,0,0,2.7025600000285976e-05,3.1009000000750574e-05,0.006399248400000204,15.094,15.094,3.326
rlrange=50,sigma2=10
Scale,nR,nL,RSCT1,RSCT2,BFST1,RSCL1,RSCL2,BFSL
0,0,0,2.5243000000017448e-05,2.9312799999843263e-05,0.006945931399999892,13.518,13.518,3.358
rlrange=50,sigma2=10
Scale,nR,nL,RSCT1,RSCT2,BFST1,RSCL1,RSCL2,BFSL
0,0,0,2.4711799999494134e-05,2.8623199999344705e-05,0.005932012999999898,13.548,13.548,3.32
rlrange=50,sigma2=10
Scale,nR,nL,RSCT1,RSCT2,BFST1,RSCL1,RSCL2,BFSL
0,0,0,2.499379999977691e-05,2.8840999999886207e-05,0.005652624400000207,13.934,13.934,3.356
rlrange=50,sigma2=10
Scale,nR,nL,RSCT1,RSCT2,BFST1,RSCL1,RSCL2,BFSL
0,0,0,2.6528800000136243e-05,3.0487199999754467e-05,0.006209424200000257,14.75,14.75,3.352
rlrange=50,sigma2=10
Scale,nR,nL,RSCT1,RSCT2,BFST1,RSCL1,RSCL2,BFSL
0,0,0,2.513920000035341e-05,2.911440000065113e-05,0.006823558599999899,14.55,14.55,3.334
rlrange=50,sigma2=10
Scale,nR,nL,RSCT1,RSCT2,BFST1,RSCL1,RSCL2,BFSL
0,0,0,2.507939999907194e-05,2.9621399998347897e-05,0.006058119399999611,13.852,13.852,3.298
rlrange=50,sigma2=10
Scale,nR,nL,RSCT1,RSCT2,BFST1,RSCL1,RSCL2,BFSL
0,0,0,2.3523800000702976e-05,3.720700000042143e-05,0.005776552000000038,13.204,13.204,3.338
rlrange=50,sigma2=10
Scale,nR,nL,RSCT1,RSCT2,BFST1,RSCL1,RSCL2,BFSL
0,0,0,2.519520000060993e-05,4.7649600000625014e-05,0.0064095761999997765,14.264,13.14,3.348
rlrange=50,sigma2=10
Scale,nR,nL,RSCT1,RSCT2,BFST1,RSCL1,RSCL2,BFSL
0,0,0,2.705819999994219e-05,5.5146000000263485e-05,0.005815667599999756,13.904,11.874,3.336
rlrange=50,sigma2=10
Scale,nR,nL,RSCT1,RSCT2,BFST1,RSCL1,RSCL2,BFSL
0,0,0,2.5346399999932602e-05,5.451360000017758e-05,0.0070490317999997954,13.488,11.004,3.4
rlrange=50,sigma2=10
Scale,nR,nL,RSCT1,RSCT2,BFST1,RSCL1,RSCL2,BFSL
0,0,0,2.600820000003523e-05,5.6808400000136314e-05,0.007445691199998748,14.51,10.97,3.382
rlrange=50,sigma2=10
Scale,nR,nL,RSCT1,RSCT2,BFST1,RSCL1,RSCL2,BFSL
0,0,0,2.3820200000329807e-05,5.2103400000305555e-05,0.007013482999999781,13.216,9.176,3.346
rlrange=50,sigma2=10
Scale,nR,nL,RSCT1,RSCT2,BFST1,RSCL1,RSCL2,BFSL
0,0,0,2.5001799999245123e-05,5.513979999898311e-05,0.005667361599999708,13.842,9.53,3.35
rlrange=50,sigma2=10
Scale,nR,nL,RSCT1,RSCT2,BFST1,RSCL1,RSCL2,BFSL
0,0,0,2.6298200000553606e-05,5.736179999991009e-05,0.007127130799999293,14.644,9.77,3.386
rlrange=50,sigma2=10
Scale,nR,nL,RSCT1,RSCT2,BFST1,RSCL1,RSCL2,BFSL
0,0,0,2.5798599999575346e-05,5.92415999988134e-05,0.006489314799999477,13.832,9.014,3.294
rlrange=50,sigma2=10
Scale,nR,nL,RSCT1,RSCT2,BFST1,RSCL1,RSCL2,BFSL
0,0,0,2.6636799999550932e-05,5.852459999937309e-05,0.006648166600000422,14.866,9.616,3.372
rlrange=50,sigma2=10
Scale,nR,nL,RSCT1,RSCT2,BFST1,RSCL1,RSCL2,BFSL
0,0,0,2.6504000000727502e-05,5.865240000161975e-05,0.006459944399999927,14.562,9.194,3.342
rlrange=50,sigma2=10
Scale,nR,nL,RSCT1,RSCT2,BFST1,RSCL1,RSCL2,BFSL
0,0,0,2.5748199999952704e-05,5.6047600000511013e-05,0.0066218802000004755,14.162,8.736,3.372
rlrange=50,sigma2=10
Scale,nR,nL,RSCT1,RSCT2,BFST1,RSCL1,RSCL2,BFSL
0,0,0,2.719780000057881e-05,6.018919999962691e-05,0.006831057799999939,14.036,8.702,3.36
rlrange=50,sigma2=10
Scale,nR,nL,RSCT1,RSCT2,BFST1,RSCL1,RSCL2,BFSL
0,0,0,2.515200000038931e-05,5.5478599999560174e-05,0.0067191903999990355,13.544,8.368,3.326
rlrange=50,sigma2=10
Scale,nR,nL,RSCT1,RSCT2,BFST1,RSCL1,RSCL2,BFSL
0,0,0,2.6012199999854603e-05,5.895299999951931e-05,0.00743268260000076,14.006,8.984,3.392
rlrange=50,sigma2=10
Scale,nR,nL,RSCT1,RSCT2,BFST1,RSCL1,RSCL2,BFSL
0,0,0,2.592539999898236e-05,5.8987999999203564e-05,0.005880475799999885,13.224,8.63,3.368
rlrange=50,sigma2=10
Scale,nR,nL,RSCT1,RSCT2,BFST1,RSCL1,RSCL2,BFSL
0,0,0,2.6534400000628012e-05,5.965640000397343e-05,0.005874720600000614,13.93,9.002,3.358
rlrange=50,sigma2=10
Scale,nR,nL,RSCT1,RSCT2,BFST1,RSCL1,RSCL2,BFSL
0,0,0,2.8687000001468733e-05,6.230000000050495e-05,0.006022325800000999,14.262,9.134,3.424
rlrange=50,sigma2=10
Scale,nR,nL,RSCT1,RSCT2,BFST1,RSCL1,RSCL2,BFSL
0,0,0,2.5332399999115296e-05,5.812360000015815e-05,0.005897991400001388,13.88,9.208,3.376
rlrange=50,sigma2=10
Scale,nR,nL,RSCT1,RSCT2,BFST1,RSCL1,RSCL2,BFSL
0,0,0,2.460339999925054e-05,5.561079999915819e-05,0.005625276400001326,13.596,8.646,3.338
rlrange=50,sigma2=10
Scale,nR,nL,RSCT1,RSCT2,BFST1,RSCL1,RSCL2,BFSL
0,0,0,2.5324999999611465e-05,5.7071199997722034e-05,0.006041891000001897,13.806,8.76,3.314
rlrange=50,sigma2=10
Scale,nR,nL,RSCT1,RSCT2,BFST1,RSCL1,RSCL2,BFSL
0,0,0,2.471360000185996e-05,4.602020000140783e-05,0.006008469200000832,14.332,14.332,3.286
rlrange=50,sigma2=10
Scale,nR,nL,RSCT1,RSCT2,BFST1,RSCL1,RSCL2,BFSL
0,0,0,2.5609400000462303e-05,6.351100000085807e-05,0.006452426800000353,13.856,11.518,3.362
rlrange=50,sigma2=10
Scale,nR,nL,RSCT1,RSCT2,BFST1,RSCL1,RSCL2,BFSL
0,0,0,2.4660000002882044e-05,6.975160000342839e-05,0.005986953200000698,13.532,10.52,3.348
rlrange=50,sigma2=10
Scale,nR,nL,RSCT1,RSCT2,BFST1,RSCL1,RSCL2,BFSL
0,0,0,2.4887999998895794e-05,7.498579999878529e-05,0.006380023000001074,13.54,9.392,3.336
rlrange=50,sigma2=10
Scale,nR,nL,RSCT1,RSCT2,BFST1,RSCL1,RSCL2,BFSL
0,0,0,2.5984799999264395e-05,7.951139999920542e-05,0.0063100971999989494,13.652,8.218,3.3
rlrange=50,sigma2=10
Scale,nR,nL,RSCT1,RSCT2,BFST1,RSCL1,RSCL2,BFSL
0,0,0,2.6892200002407664e-05,7.882760000256895e-05,0.005670041199999446,13.76,7.88,3.342
rlrange=50,sigma2=10
Scale,nR,nL,RSCT1,RSCT2,BFST1,RSCL1,RSCL2,BFSL
0,0,0,2.525059999879886e-05,7.858059999909983e-05,0.006019029399999681,13.906,8.278,3.392
rlrange=50,sigma2=10
Scale,nR,nL,RSCT1,RSCT2,BFST1,RSCL1,RSCL2,BFSL
0,0,0,2.5645200001918055e-05,7.384860000195204e-05,0.0070512228000006874,13.488,6.41,3.338
rlrange=50,sigma2=10
Scale,nR,nL,RSCT1,RSCT2,BFST1,RSCL1,RSCL2,BFSL
0,0,0,2.528300000051331e-05,7.647159999839914e-05,0.006094603600000596,13.862,7.33,3.388
rlrange=50,sigma2=10
Scale,nR,nL,RSCT1,RSCT2,BFST1,RSCL1,RSCL2,BFSL
0,0,0,2.6696200000060343e-05,7.786260000170841e-05,0.006075295400001437,13.344,6.594,3.318
rlrange=50,sigma2=10
Scale,nR,nL,RSCT1,RSCT2,BFST1,RSCL1,RSCL2,BFSL
0,0,0,2.4343000000726535e-05,7.109740000009879e-05,0.0052474555999992845,13.828,6.4,3.35
rlrange=50,sigma2=10
Scale,nR,nL,RSCT1,RSCT2,BFST1,RSCL1,RSCL2,BFSL
0,0,0,2.635979999979554e-05,7.834059999743204e-05,0.0075447482000028,13.822,6.362,3.356
rlrange=50,sigma2=10
Scale,nR,nL,RSCT1,RSCT2,BFST1,RSCL1,RSCL2,BFSL
0,0,0,2.4154600000770188e-05,7.095839999999498e-05,0.0058895090000004304,13.42,6.256,3.322
rlrange=50,sigma2=10
Scale,nR,nL,RSCT1,RSCT2,BFST1,RSCL1,RSCL2,BFSL
0,0,0,2.3717799999872113e-05,7.087600000113526e-05,0.005822453200000837,12.568,6.458,3.358
rlrange=50,sigma2=10
Scale,nR,nL,RSCT1,RSCT2,BFST1,RSCL1,RSCL2,BFSL
0,0,0,2.5821400000154427e-05,7.455579999998463e-05,0.005735280200000034,13.1,6.45,3.302
rlrange=50,sigma2=10
Scale,nR,nL,RSCT1,RSCT2,BFST1,RSCL1,RSCL2,BFSL
0,0,0,2.488440000126957e-05,7.60552000010648e-05,0.006018406799998843,14.124,6.632,3.264
rlrange=50,sigma2=10
Scale,nR,nL,RSCT1,RSCT2,BFST1,RSCL1,RSCL2,BFSL
0,0,0,2.5046399999837378e-05,7.492619999936778e-05,0.006760487999999668,14.12,6.608,3.28
rlrange=50,sigma2=10
Scale,nR,nL,RSCT1,RSCT2,BFST1,RSCL1,RSCL2,BFSL
0,0,0,2.637420000007751e-05,7.869999999809351e-05,0.007080458999999792,14.24,7.08,3.358
rlrange=50,sigma2=10
Scale,nR,nL,RSCT1,RSCT2,BFST1,RSCL1,RSCL2,BFSL
0,0,0,2.672239999856174e-05,7.552700000030654e-05,0.00675046879999843,14.508,6.414,3.272
rlrange=50,sigma2=10
Scale,nR,nL,RSCT1,RSCT2,BFST1,RSCL1,RSCL2,BFSL
0,0,0,2.557360000105291e-05,7.562840000241523e-05,0.0060937296000001875,13.564,6.77,3.38
rlrange=50,sigma2=10
Scale,nR,nL,RSCT1,RSCT2,BFST1,RSCL1,RSCL2,BFSL
0,0,0,2.728080000031241e-05,8.008579999943776e-05,0.0057070798000008836,13.534,6.538,3.374
rlrange=50,sigma2=10
Scale,nR,nL,RSCT1,RSCT2,BFST1,RSCL1,RSCL2,BFSL
0,0,0,2.4578599997767013e-05,5.3870599996230336e-05,0.006379829799999357,13.612,13.612,3.394
rlrange=50,sigma2=10
Scale,nR,nL,RSCT1,RSCT2,BFST1,RSCL1,RSCL2,BFSL
0,0,0,2.6096199998391968e-05,8.103179999739041e-05,0.006176749799999812,13.988,11.12,3.362
rlrange=50,sigma2=10
Scale,nR,nL,RSCT1,RSCT2,BFST1,RSCL1,RSCL2,BFSL
0,0,0,2.5260799999955453e-05,8.873139999855084e-05,0.005966829800000482,14.12,8.912,3.352
rlrange=50,sigma2=10
Scale,nR,nL,RSCT1,RSCT2,BFST1,RSCL1,RSCL2,BFSL
0,0,0,2.7012800001102732e-05,0.0001019058000010773,0.006200041600000645,13.572,8.072,3.386
rlrange=50,sigma2=10
Scale,nR,nL,RSCT1,RSCT2,BFST1,RSCL1,RSCL2,BFSL
0,0,0,2.588500000149452e-05,9.679180000136966e-05,0.006133428199999002,13.922,7.48,3.364
rlrange=50,sigma2=10
Scale,nR,nL,RSCT1,RSCT2,BFST1,RSCL1,RSCL2,BFSL
0,0,0,2.5631599999996978e-05,8.989940000117258e-05,0.0067990410000002156,13.836,5.658,3.314
rlrange=50,sigma2=10
Scale,nR,nL,RSCT1,RSCT2,BFST1,RSCL1,RSCL2,BFSL
0,0,0,2.3841999999490326e-05,8.71539999975539e-05,0.00563225180000154,13.154,5.606,3.304
rlrange=50,sigma2=10
Scale,nR,nL,RSCT1,RSCT2,BFST1,RSCL1,RSCL2,BFSL
0,0,0,2.758519999804321e-05,9.692359999803557e-05,0.00727101739999955,14.354,5.974,3.388
rlrange=50,sigma2=10
Scale,nR,nL,RSCT1,RSCT2,BFST1,RSCL1,RSCL2,BFSL
0,0,0,2.6738000002637817e-05,9.593080000206555e-05,0.007434428199999616,14.644,5.998,3.352
rlrange=50,sigma2=10
Scale,nR,nL,RSCT1,RSCT2,BFST1,RSCL1,RSCL2,BFSL
0,0,0,2.4402199998348806e-05,8.704059999786295e-05,0.006488244599999461,13.124,5.338,3.332
rlrange=50,sigma2=10
Scale,nR,nL,RSCT1,RSCT2,BFST1,RSCL1,RSCL2,BFSL
0,0,0,2.4899799998820525e-05,8.928200000013931e-05,0.006505967000000965,13.898,5.584,3.39
rlrange=50,sigma2=10
Scale,nR,nL,RSCT1,RSCT2,BFST1,RSCL1,RSCL2,BFSL
0,0,0,2.5614400000449676e-05,9.153219999916473e-05,0.00593937899999969,14.376,5.644,3.31
rlrange=50,sigma2=10
Scale,nR,nL,RSCT1,RSCT2,BFST1,RSCL1,RSCL2,BFSL
0,0,0,2.5360199998885947e-05,8.858679999502783e-05,0.006207956799999465,14.198,5.48,3.338
rlrange=50,sigma2=10
Scale,nR,nL,RSCT1,RSCT2,BFST1,RSCL1,RSCL2,BFSL
0,0,0,2.527699999836841e-05,8.79595999981575e-05,0.006696203200001264,13.314,5.436,3.344
rlrange=50,sigma2=10
Scale,nR,nL,RSCT1,RSCT2,BFST1,RSCL1,RSCL2,BFSL
0,0,0,2.588360000004286e-05,9.341400000016619e-05,0.00686169440000208,13.652,5.36,3.302
rlrange=50,sigma2=10
Scale,nR,nL,RSCT1,RSCT2,BFST1,RSCL1,RSCL2,BFSL
0,0,0,2.5163999998312648e-05,9.009339999761323e-05,0.006965980000001309,13.628,5.852,3.408
rlrange=50,sigma2=10
Scale,nR,nL,RSCT1,RSCT2,BFST1,RSCL1,RSCL2,BFSL
0,0,0,2.5439599997980622e-05,8.936579999726746e-05,0.006382746599997062,14.366,5.588,3.344
rlrange=50,sigma2=10
Scale,nR,nL,RSCT1,RSCT2,BFST1,RSCL1,RSCL2,BFSL
0,0,0,2.6695999999219567e-05,9.377199999744334e-05,0.006063259000000699,13.874,5.784,3.366
rlrange=50,sigma2=10
Scale,nR,nL,RSCT1,RSCT2,BFST1,RSCL1,RSCL2,BFSL
0,0,0,2.589860000216504e-05,8.643900000447502e-05,0.006868228599995064,14.264,5.142,3.354
rlrange=50,sigma2=10
Scale,nR,nL,RSCT1,RSCT2,BFST1,RSCL1,RSCL2,BFSL
0,0,0,2.6033599995798795e-05,9.080359999597931e-05,0.006784565199996677,14.212,5.54,3.334
rlrange=50,sigma2=10
Scale,nR,nL,RSCT1,RSCT2,BFST1,RSCL1,RSCL2,BFSL
0,0,0,2.64614000018355e-05,8.903680000298663e-05,0.005885190600000896,14.424,5.322,3.346
rlrange=50,sigma2=10
Scale,nR,nL,RSCT1,RSCT2,BFST1,RSCL1,RSCL2,BFSL
0,0,0,2.4894399999539018e-05,6.0190999998212645e-05,0.006560796600001595,14.456,14.456,3.316
rlrange=50,sigma2=10
Scale,nR,nL,RSCT1,RSCT2,BFST1,RSCL1,RSCL2,BFSL
0,0,0,2.5230200005353253e-05,9.209860000896697e-05,0.005804717199999913,13.936,10.608,3.352
rlrange=50,sigma2=10
Scale,nR,nL,RSCT1,RSCT2,BFST1,RSCL1,RSCL2,BFSL
0,0,0,4.2275799998833466e-05,0.0001803873999976986,0.008199023199997327,13.772,8.95,3.318
rlrange=50,sigma2=10
Scale,nR,nL,RSCT1,RSCT2,BFST1,RSCL1,RSCL2,BFSL
0,0,0,3.838499999778833e-05,0.00017195899999933317,0.008006539199999907,13.75,7.508,3.34
rlrange=50,sigma2=10
Scale,nR,nL,RSCT1,RSCT2,BFST1,RSCL1,RSCL2,BFSL
0,0,0,3.802580000069611e-05,0.00017967440000006717,0.008538108399998919,12.46,6.17,3.374
rlrange=50,sigma2=10
Scale,nR,nL,RSCT1,RSCT2,BFST1,RSCL1,RSCL2,BFSL
0,0,0,4.3625400001701565e-05,0.00019176679999964108,0.009149361400000089,14.644,5.748,3.334
rlrange=50,sigma2=10
Scale,nR,nL,RSCT1,RSCT2,BFST1,RSCL1,RSCL2,BFSL
0,0,0,4.199280000170802e-05,0.00017380600000001324,0.008508747600002834,13.322,5.41,3.326
rlrange=50,sigma2=10
Scale,nR,nL,RSCT1,RSCT2,BFST1,RSCL1,RSCL2,BFSL
0,0,0,4.024539999909393e-05,0.00017663719999836758,0.007471048399997244,13.9,5.418,3.284
rlrange=50,sigma2=10
Scale,nR,nL,RSCT1,RSCT2,BFST1,RSCL1,RSCL2,BFSL
0,0,0,3.960100000335842e-05,0.00016812980000622702,0.008375918799998317,14.064,5.26,3.346
rlrange=50,sigma2=10
Scale,nR,nL,RSCT1,RSCT2,BFST1,RSCL1,RSCL2,BFSL
0,0,0,4.420080000386406e-05,0.00017468120000194176,0.009453832000001739,14.116,5.03,3.348
rlrange=50,sigma2=10
Scale,nR,nL,RSCT1,RSCT2,BFST1,RSCL1,RSCL2,BFSL
0,0,0,3.958380000017314e-05,0.00017725220000124864,0.00708888200000115,13.582,5.32,3.332
rlrange=50,sigma2=10
Scale,nR,nL,RSCT1,RSCT2,BFST1,RSCL1,RSCL2,BFSL
0,0,0,4.0820800006031275e-05,0.0001767372000031173,0.008025839599997198,13.728,5.038,3.32
rlrange=50,sigma2=10
Scale,nR,nL,RSCT1,RSCT2,BFST1,RSCL1,RSCL2,BFSL
0,0,0,4.097180000189837e-05,0.00017539280000096369,0.008108575599999312,13.966,5.156,3.39
rlrange=50,sigma2=10
Scale,nR,nL,RSCT1,RSCT2,BFST1,RSCL1,RSCL2,BFSL
0,0,0,3.9764799998920354e-05,0.0001596130000029916,0.008551638599999705,13.828,5.05,3.338
rlrange=50,sigma2=10
Scale,nR,nL,RSCT1,RSCT2,BFST1,RSCL1,RSCL2,BFSL
0,0,0,3.9118799996685996e-05,0.00016199639999535975,0.008017210200003774,13.632,5.006,3.302
rlrange=50,sigma2=10
Scale,nR,nL,RSCT1,RSCT2,BFST1,RSCL1,RSCL2,BFSL
0,0,0,4.138179999949898e-05,0.00022569420000104402,0.00852023559999816,13.742,5.308,3.388
rlrange=50,sigma2=10
Scale,nR,nL,RSCT1,RSCT2,BFST1,RSCL1,RSCL2,BFSL
0,0,0,3.8138600001957454e-05,0.00015384580000250025,0.008173391399999445,13.266,4.838,3.328
rlrange=50,sigma2=10
Scale,nR,nL,RSCT1,RSCT2,BFST1,RSCL1,RSCL2,BFSL
0,0,0,4.333000000315224e-05,0.00017374440000412505,0.009086255999997548,13.69,4.886,3.314
rlrange=50,sigma2=10
Scale,nR,nL,RSCT1,RSCT2,BFST1,RSCL1,RSCL2,BFSL
0,0,0,3.888920000053986e-05,0.00017283640000209744,0.008940842800003112,12.98,5.56,3.436
rlrange=50,sigma2=10
Scale,nR,nL,RSCT1,RSCT2,BFST1,RSCL1,RSCL2,BFSL
0,0,0,4.0389599997524784e-05,0.00017266139999628648,0.008120994000000338,13.492,5.38,3.356
rlrange=50,sigma2=10
Scale,nR,nL,RSCT1,RSCT2,BFST1,RSCL1,RSCL2,BFSL
0,0,0,3.9507600003844345e-05,0.0001704482000036478,0.007500056599995333,13.448,5.104,3.344
rlrange=50,sigma2=10
Scale,nR,nL,RSCT1,RSCT2,BFST1,RSCL1,RSCL2,BFSL
0,0,0,4.1838799999595725e-05,0.00011471020000089993,0.009360382400001754,13.884,13.884,3.322
rlrange=50,sigma2=10
Scale,nR,nL,RSCT1,RSCT2,BFST1,RSCL1,RSCL2,BFSL
0,0,0,4.1835800000853853e-05,0.00019388720000370087,0.00791806319999796,14.086,9.944,3.368
rlrange=50,sigma2=10
Scale,nR,nL,RSCT1,RSCT2,BFST1,RSCL1,RSCL2,BFSL
0,0,0,3.911639999796534e-05,0.00019197039999676235,0.009743264399997315,13.798,7.358,3.366
rlrange=50,sigma2=10
Scale,nR,nL,RSCT1,RSCT2,BFST1,RSCL1,RSCL2,BFSL
0,0,0,4.1035999996438475e-05,0.00021113279999644875,0.008086606000004621,14.316,7.058,3.39
rlrange=50,sigma2=10
Scale,nR,nL,RSCT1,RSCT2,BFST1,RSCL1,RSCL2,BFSL
0,0,0,4.349360000242086e-05,0.0002667774000049121,0.008015294999998786,14.396,5.73,3.332
rlrange=50,sigma2=10
Scale,nR,nL,RSCT1,RSCT2,BFST1,RSCL1,RSCL2,BFSL
0,0,0,4.120180000131768e-05,0.00020042400000352246,0.008364868599994907,14.884,5.424,3.38
rlrange=50,sigma2=10
Scale,nR,nL,RSCT1,RSCT2,BFST1,RSCL1,RSCL2,BFSL
0,0,0,4.5390200002202616e-05,0.00022212060000151724,0.009018021999999064,14.43,4.95,3.384
rlrange=50,sigma2=10
Scale,nR,nL,RSCT1,RSCT2,BFST1,RSCL1,RSCL2,BFSL
0,0,0,4.059400000414826e-05,0.00018854980000401156,0.00797009640000033,13.522,4.946,3.338
rlrange=50,sigma2=10
Scale,nR,nL,RSCT1,RSCT2,BFST1,RSCL1,RSCL2,BFSL
0,0,0,4.1810799995346316e-05,0.00018655539999531357,0.007199864600002911,13.248,4.83,3.38
rlrange=50,sigma2=10
Scale,nR,nL,RSCT1,RSCT2,BFST1,RSCL1,RSCL2,BFSL
0,0,0,4.104740000047968e-05,0.0001918762000013885,0.008726291800002854,13.56,4.676,3.288
rlrange=50,sigma2=10
Scale,nR,nL,RSCT1,RSCT2,BFST1,RSCL1,RSCL2,BFSL
0,0,0,3.963059999841789e-05,0.00018346020000171848,0.007557229000000689,13.95,4.736,3.35
rlrange=50,sigma2=10
Scale,nR,nL,RSCT1,RSCT2,BFST1,RSCL1,RSCL2,BFSL
0,0,0,3.924559999745725e-05,0.00017626240000208782,0.010314314399997783,14.058,4.546,3.332
rlrange=50,sigma2=10
Scale,nR,nL,RSCT1,RSCT2,BFST1,RSCL1,RSCL2,BFSL
0,0,0,3.909660000022086e-05,0.000177781399999958,0.00968225599999755,13.068,4.646,3.362
rlrange=50,sigma2=10
Scale,nR,nL,RSCT1,RSCT2,BFST1,RSCL1,RSCL2,BFSL
0,0,0,3.8394399998651354e-05,0.00018821719999687048,0.007424238400001059,13.502,4.91,3.354
rlrange=50,sigma2=10
Scale,nR,nL,RSCT1,RSCT2,BFST1,RSCL1,RSCL2,BFSL
0,0,0,4.0265800001407115e-05,0.00018834840000204168,0.008235174599999482,12.786,4.794,3.358
rlrange=50,sigma2=10
Scale,nR,nL,RSCT1,RSCT2,BFST1,RSCL1,RSCL2,BFSL
0,0,0,4.0244000003212934e-05,0.0001974832000025799,0.008567750399997976,14.184,5.034,3.388
rlrange=50,sigma2=10
Scale,nR,nL,RSCT1,RSCT2,BFST1,RSCL1,RSCL2,BFSL
0,0,0,4.206139999564584e-05,0.00020071719999850758,0.007923660599999039,13.638,4.964,3.378
rlrange=50,sigma2=10
Scale,nR,nL,RSCT1,RSCT2,BFST1,RSCL1,RSCL2,BFSL
0,0,0,4.29923999993207e-05,0.0001997353999988718,0.007706758599998466,13.856,5.04,3.358
rlrange=50,sigma2=10
Scale,nR,nL,RSCT1,RSCT2,BFST1,RSCL1,RSCL2,BFSL
0,0,0,4.328479999685442e-05,0.00019675080000183698,0.008972114999999349,13.956,4.466,3.256
rlrange=50,sigma2=10
Scale,nR,nL,RSCT1,RSCT2,BFST1,RSCL1,RSCL2,BFSL
0,0,0,3.866980000293552e-05,0.00018568980000191004,0.00879555300000061,12.938,4.544,3.36
rlrange=50,sigma2=10
Scale,nR,nL,RSCT1,RSCT2,BFST1,RSCL1,RSCL2,BFSL
0,0,0,4.1207200000599185e-05,0.00019744899999864175,0.00877328080000052,13.708,4.842,3.426
rlrange=50,sigma2=10
Scale,nR,nL,RSCT1,RSCT2,BFST1,RSCL1,RSCL2,BFSL
0,0,0,4.21570000041811e-05,0.00012547740000673003,0.009548318000000791,14.514,14.514,3.368
rlrange=50,sigma2=10
Scale,nR,nL,RSCT1,RSCT2,BFST1,RSCL1,RSCL2,BFSL
0,0,0,4.1998799998964385e-05,0.00020690719999970496,0.008629840600000535,14.45,9.27,3.346
rlrange=50,sigma2=10
Scale,nR,nL,RSCT1,RSCT2,BFST1,RSCL1,RSCL2,BFSL
0,0,0,4.393320000349377e-05,0.0002319168000078662,0.008353355999999621,13.714,7.08,3.324
rlrange=50,sigma2=10
Scale,nR,nL,RSCT1,RSCT2,BFST1,RSCL1,RSCL2,BFSL
0,0,0,4.088579999643116e-05,0.00023009519999914118,0.008240938799996456,14.178,6.138,3.368
rlrange=50,sigma2=10
Scale,nR,nL,RSCT1,RSCT2,BFST1,RSCL1,RSCL2,BFSL
0,0,0,4.1102600000613166e-05,0.0002628301999970972,0.008344960999995692,13.618,4.978,3.338
rlrange=50,sigma2=10
Scale,nR,nL,RSCT1,RSCT2,BFST1,RSCL1,RSCL2,BFSL
0,0,0,4.2771799999627545e-05,0.00022481819999620712,0.008525563800000328,14.504,4.874,3.316
rlrange=50,sigma2=10
Scale,nR,nL,RSCT1,RSCT2,BFST1,RSCL1,RSCL2,BFSL
0,0,0,4.2974000009962766e-05,0.0002312146000112989,0.008744552399993154,14.208,4.676,3.306
rlrange=50,sigma2=10
Scale,nR,nL,RSCT1,RSCT2,BFST1,RSCL1,RSCL2,BFSL
0,0,0,4.135940000287519e-05,0.0002157370000022638,0.007175049400003445,14.306,4.868,3.352
rlrange=50,sigma2=10
Scale,nR,nL,RSCT1,RSCT2,BFST1,RSCL1,RSCL2,BFSL
0,0,0,3.845160000628312e-05,0.00019774320000351509,0.007219525600003635,13.508,4.574,3.322
rlrange=50,sigma2=10
Scale,nR,nL,RSCT1,RSCT2,BFST1,RSCL1,RSCL2,BFSL
0,0,0,4.1205799999715964e-05,0.00021093760000258043,0.009033498599996165,14.31,4.926,3.36
rlrange=50,sigma2=10
Scale,nR,nL,RSCT1,RSCT2,BFST1,RSCL1,RSCL2,BFSL
0,0,0,4.403640000191444e-05,0.00021925600000167832,0.008819460600001548,13.87,4.734,3.356
rlrange=50,sigma2=10
Scale,nR,nL,RSCT1,RSCT2,BFST1,RSCL1,RSCL2,BFSL
0,0,0,4.264120000107141e-05,0.00020645439999907467,0.008952458999990994,14.144,4.696,3.342
rlrange=50,sigma2=10
Scale,nR,nL,RSCT1,RSCT2,BFST1,RSCL1,RSCL2,BFSL
0,0,0,4.044000000203596e-05,0.00021122019999347686,0.01057923380000102,14.064,4.584,3.382
rlrange=50,sigma2=10
Scale,nR,nL,RSCT1,RSCT2,BFST1,RSCL1,RSCL2,BFSL
0,0,0,4.287440000825882e-05,0.00019820220001565757,0.009729048600005626,14.046,4.554,3.334
rlrange=50,sigma2=10
Scale,nR,nL,RSCT1,RSCT2,BFST1,RSCL1,RSCL2,BFSL
0,0,0,4.167560000360027e-05,0.0002089929999974629,0.008763145199995506,13.126,4.442,3.322
rlrange=50,sigma2=10
Scale,nR,nL,RSCT1,RSCT2,BFST1,RSCL1,RSCL2,BFSL
0,0,0,4.382440000335919e-05,0.0002210306000042692,0.009016179799994915,14.128,4.634,3.38
rlrange=50,sigma2=10
Scale,nR,nL,RSCT1,RSCT2,BFST1,RSCL1,RSCL2,BFSL
0,0,0,4.085819999954765e-05,0.00020585160000155157,0.007273475000001781,13.392,4.78,3.326
rlrange=50,sigma2=10
Scale,nR,nL,RSCT1,RSCT2,BFST1,RSCL1,RSCL2,BFSL
0,0,0,4.0946199998870727e-05,0.00021354999999221035,0.007760801400005676,14.002,4.666,3.314
rlrange=50,sigma2=10
Scale,nR,nL,RSCT1,RSCT2,BFST1,RSCL1,RSCL2,BFSL
0,0,0,4.193659999418742e-05,0.0002290145999913875,0.008533818200005499,15.036,5.158,3.394
rlrange=50,sigma2=10
Scale,nR,nL,RSCT1,RSCT2,BFST1,RSCL1,RSCL2,BFSL
0,0,0,4.146539999965171e-05,0.00021454119999543764,0.007429501799997525,14.616,4.644,3.356
rlrange=50,sigma2=10
Scale,nR,nL,RSCT1,RSCT2,BFST1,RSCL1,RSCL2,BFSL
0,0,0,4.188559999738572e-05,0.00021136120000028312,0.00927549799999997,13.664,4.858,3.442
rlrange=50,sigma2=10
Scale,nR,nL,RSCT1,RSCT2,BFST1,RSCL1,RSCL2,BFSL
0,0,0,3.9209200003369914e-05,0.0001296290000063891,0.008898440600003141,13.624,13.624,3.32
rlrange=50,sigma2=10
Scale,nR,nL,RSCT1,RSCT2,BFST1,RSCL1,RSCL2,BFSL
0,0,0,4.138379999676545e-05,0.00022151319999420593,0.00856613539999671,14.126,8.144,3.32
rlrange=50,sigma2=10
Scale,nR,nL,RSCT1,RSCT2,BFST1,RSCL1,RSCL2,BFSL
0,0,0,3.6316399998668203e-05,0.00021282219999557128,0.008738028199994915,13.316,5.69,3.312
rlrange=50,sigma2=10
Scale,nR,nL,RSCT1,RSCT2,BFST1,RSCL1,RSCL2,BFSL
0,0,0,4.828899999665737e-05,0.0003020008000071357,0.00925867740000058,13.718,5.54,3.29
rlrange=50,sigma2=10
Scale,nR,nL,RSCT1,RSCT2,BFST1,RSCL1,RSCL2,BFSL
0,0,0,4.371660000379052e-05,0.000254250200005572,0.00849055700000781,14.548,4.946,3.38
rlrange=50,sigma2=10
Scale,nR,nL,RSCT1,RSCT2,BFST1,RSCL1,RSCL2,BFSL
0,0,0,4.1145999999571356e-05,0.00025359659999912767,0.008208142399997996,13.948,4.96,3.394
rlrange=50,sigma2=10
Scale,nR,nL,RSCT1,RSCT2,BFST1,RSCL1,RSCL2,BFSL
0,0,0,3.9772799997081165e-05,0.00022610099999383236,0.009200592799999867,12.23,4.612,3.408
rlrange=50,sigma2=10
Scale,nR,nL,RSCT1,RSCT2,BFST1,RSCL1,RSCL2,BFSL
0,0,0,3.934479999998075e-05,0.00022446720000016284,0.007428945000000112,13.8,4.586,3.292
rlrange=50,sigma2=10
Scale,nR,nL,RSCT1,RSCT2,BFST1,RSCL1,RSCL2,BFSL
0,0,0,4.3786199999885865e-05,0.00023306539999975938,0.008001404799999364,13.716,4.474,3.332
rlrange=50,sigma2=10
Scale,nR,nL,RSCT1,RSCT2,BFST1,RSCL1,RSCL2,BFSL
0,0,0,4.011500000251544e-05,0.0002238904000068942,0.0077336851999943975,13.648,4.67,3.356
rlrange=50,sigma2=10
Scale,nR,nL,RSCT1,RSCT2,BFST1,RSCL1,RSCL2,BFSL
0,0,0,4.074200000059136e-05,0.00022716500000069572,0.008243470200004594,14.05,4.656,3.372
rlrange=50,sigma2=10
Scale,nR,nL,RSCT1,RSCT2,BFST1,RSCL1,RSCL2,BFSL
0,0,0,3.914019999820084e-05,0.00023428679999824454,0.008280256000001828,13.488,4.922,3.378
rlrange=50,sigma2=10
Scale,nR,nL,RSCT1,RSCT2,BFST1,RSCL1,RSCL2,BFSL
0,0,0,4.1713400005392035e-05,0.00023415540001042246,0.00793778820000034,13.696,4.592,3.354
rlrange=50,sigma2=10
Scale,nR,nL,RSCT1,RSCT2,BFST1,RSCL1,RSCL2,BFSL
0,0,0,4.182480000508804e-05,0.00021333480000794224,0.008489996999999676,13.318,4.33,3.328
rlrange=50,sigma2=10
Scale,nR,nL,RSCT1,RSCT2,BFST1,RSCL1,RSCL2,BFSL
0,0,0,3.9522400002624636e-05,0.00021567939999658848,0.008323146999998698,13.566,4.616,3.376
rlrange=50,sigma2=10
Scale,nR,nL,RSCT1,RSCT2,BFST1,RSCL1,RSCL2,BFSL
0,0,0,4.239019999795346e-05,0.0002488518000050135,0.008563524000003327,13.754,4.896,3.352
rlrange=50,sigma2=10
Scale,nR,nL,RSCT1,RSCT2,BFST1,RSCL1,RSCL2,BFSL
0,0,0,3.8902399999642514e-05,0.00021020839999846431,0.008499064800003907,13.822,4.528,3.334
rlrange=50,sigma2=10
Scale,nR,nL,RSCT1,RSCT2,BFST1,RSCL1,RSCL2,BFSL
0,0,0,3.904280000324434e-05,0.00021338220000689033,0.008082531000005019,13.53,4.404,3.346
rlrange=50,sigma2=10
Scale,nR,nL,RSCT1,RSCT2,BFST1,RSCL1,RSCL2,BFSL
0,0,0,4.260500000191314e-05,0.0002296625999965727,0.009058630200001062,13.71,4.45,3.34
rlrange=50,sigma2=10
Scale,nR,nL,RSCT1,RSCT2,BFST1,RSCL1,RSCL2,BFSL
0,0,0,4.3722399997022876e-05,0.00023233879999315832,0.008498039600003721,14.012,4.596,3.346
rlrange=50,sigma2=10
Scale,nR,nL,RSCT1,RSCT2,BFST1,RSCL1,RSCL2,BFSL
0,0,0,4.338680000137174e-05,0.00023850320000201464,0.008952353400000447,14.066,4.406,3.298
rlrange=50,sigma2=10
Scale,nR,nL,RSCT1,RSCT2,BFST1,RSCL1,RSCL2,BFSL
0,0,0,4.187160000674339e-05,0.00014264560000947312,0.008441148799997336,14.522,14.522,3.322
rlrange=50,sigma2=10
Scale,nR,nL,RSCT1,RSCT2,BFST1,RSCL1,RSCL2,BFSL
0,0,0,4.040940000004411e-05,0.00024351319999732369,0.007456577200004176,13.946,8.862,3.372
rlrange=50,sigma2=10
Scale,nR,nL,RSCT1,RSCT2,BFST1,RSCL1,RSCL2,BFSL
0,0,0,4.2655999998260085e-05,0.0002597602000000734,0.008196734799998922,14.344,5.568,3.318
rlrange=50,sigma2=10
Scale,nR,nL,RSCT1,RSCT2,BFST1,RSCL1,RSCL2,BFSL
0,0,0,4.214060000413156e-05,0.0002969462000050953,0.01005347099999517,13.038,5.334,3.378
rlrange=50,sigma2=10
Scale,nR,nL,RSCT1,RSCT2,BFST1,RSCL1,RSCL2,BFSL
0,0,0,3.957839999930002e-05,0.0002995406000018193,0.007447581799998261,13.22,4.846,3.332
rlrange=50,sigma2=10
Scale,nR,nL,RSCT1,RSCT2,BFST1,RSCL1,RSCL2,BFSL
0,0,0,4.4256399995902026e-05,0.0002740565999911269,0.008398975600004178,14.77,4.63,3.312
rlrange=50,sigma2=10
Scale,nR,nL,RSCT1,RSCT2,BFST1,RSCL1,RSCL2,BFSL
0,0,0,4.381639999883191e-05,0.00026237419999461056,0.008063626600003317,13.99,4.452,3.346
rlrange=50,sigma2=10
Scale,nR,nL,RSCT1,RSCT2,BFST1,RSCL1,RSCL2,BFSL
0,0,0,4.072080000196365e-05,0.00024383499999203195,0.007778892999991512,13.824,4.478,3.31
rlrange=50,sigma2=10
Scale,nR,nL,RSCT1,RSCT2,BFST1,RSCL1,RSCL2,BFSL
0,0,0,3.933560000314174e-05,0.0002390582000057293,0.008100503799999843,13.666,4.472,3.332
rlrange=50,sigma2=10
Scale,nR,nL,RSCT1,RSCT2,BFST1,RSCL1,RSCL2,BFSL
0,0,0,4.3717599998672086e-05,0.0002489123999976073,0.008760379000003923,13.552,4.42,3.318
rlrange=50,sigma2=10
Scale,nR,nL,RSCT1,RSCT2,BFST1,RSCL1,RSCL2,BFSL
0,0,0,3.888880000158679e-05,0.00023750720000180082,0.00864442300000519,13.25,4.38,3.372
rlrange=50,sigma2=10
Scale,nR,nL,RSCT1,RSCT2,BFST1,RSCL1,RSCL2,BFSL
0,0,0,4.1851399999359274e-05,0.00024485160000494946,0.009007721599995421,13.22,4.278,3.324
rlrange=50,sigma2=10
Scale,nR,nL,RSCT1,RSCT2,BFST1,RSCL1,RSCL2,BFSL
0,0,0,3.988680000065869e-05,0.0002267127999953118,0.009725513200005935,14.374,4.234,3.314
rlrange=50,sigma2=10
Scale,nR,nL,RSCT1,RSCT2,BFST1,RSCL1,RSCL2,BFSL
0,0,0,4.238140000370549e-05,0.00025084799999649474,0.006775206799996795,13.95,4.648,3.382
rlrange=50,sigma2=10
Scale,nR,nL,RSCT1,RSCT2,BFST1,RSCL1,RSCL2,BFSL
0,0,0,4.598399999576941e-05,0.00026201920000494284,0.008611962000001767,14.17,4.372,3.31
rlrange=50,sigma2=10
Scale,nR,nL,RSCT1,RSCT2,BFST1,RSCL1,RSCL2,BFSL
0,0,0,4.12805999981174e-05,0.0002456139999894731,0.007487186599996221,13.528,4.59,3.366
rlrange=50,sigma2=10
Scale,nR,nL,RSCT1,RSCT2,BFST1,RSCL1,RSCL2,BFSL
0,0,0,3.899299999648065e-05,0.00022633519999590136,0.008783088999994106,14.142,4.456,3.396
rlrange=50,sigma2=10
Scale,nR,nL,RSCT1,RSCT2,BFST1,RSCL1,RSCL2,BFSL
0,0,0,4.139699999450386e-05,0.0002269173999961822,0.009167906800001674,14.432,4.35,3.352
rlrange=50,sigma2=10
Scale,nR,nL,RSCT1,RSCT2,BFST1,RSCL1,RSCL2,BFSL
0,0,0,4.3228000003182384e-05,0.0002604836000050454,0.008234117000001333,13.786,4.49,3.35
rlrange=50,sigma2=10
Scale,nR,nL,RSCT1,RSCT2,BFST1,RSCL1,RSCL2,BFSL
0,0,0,3.8917800004128366e-05,0.0002316940000005161,0.008354317799999535,13.608,4.318,3.276
rlrange=50,sigma2=10
Scale,nR,nL,RSCT1,RSCT2,BFST1,RSCL1,RSCL2,BFSL
0,0,0,6.898180000416687e-05,0.00027530440000373346,0.008060995799998636,14.202,4.358,3.31
rlrange=50,sigma2=10
Scale,nR,nL,RSCT1,RSCT2,BFST1,RSCL1,RSCL2,BFSL
0,0,0,4.500579999739784e-05,0.00015908079999962866,0.008385861199993997,14.438,14.438,3.32
rlrange=50,sigma2=10
Scale,nR,nL,RSCT1,RSCT2,BFST1,RSCL1,RSCL2,BFSL
0,0,0,4.1321799997149356e-05,0.0002773969999984729,0.008303998199999569,13.706,8.656,3.382
rlrange=50,sigma2=10
Scale,nR,nL,RSCT1,RSCT2,BFST1,RSCL1,RSCL2,BFSL
0,0,0,4.050360000019282e-05,0.00026810080000132073,0.009186716599996089,14.516,5.618,3.366
rlrange=50,sigma2=10
Scale,nR,nL,RSCT1,RSCT2,BFST1,RSCL1,RSCL2,BFSL
0,0,0,4.444100000000617e-05,0.0003289053999956195,0.008984576000001198,13.502,5.142,3.398
rlrange=50,sigma2=10
Scale,nR,nL,RSCT1,RSCT2,BFST1,RSCL1,RSCL2,BFSL
0,0,0,4.176099999540384e-05,0.00027980079999633743,0.0089684363999977,14.018,4.646,3.358
rlrange=50,sigma2=10
Scale,nR,nL,RSCT1,RSCT2,BFST1,RSCL1,RSCL2,BFSL
0,0,0,4.929860000083863e-05,0.0002790596000013466,0.00842050959999824,13.526,4.404,3.286
rlrange=50,sigma2=10
Scale,nR,nL,RSCT1,RSCT2,BFST1,RSCL1,RSCL2,BFSL
0,0,0,4.2274199994153605e-05,0.00028885799999125083,0.008027135400006045,14.222,4.942,3.396
rlrange=50,sigma2=10
Scale,nR,nL,RSCT1,RSCT2,BFST1,RSCL1,RSCL2,BFSL
0,0,0,4.2887400007202815e-05,0.0003048056000047836,0.008596580200001426,13.158,4.564,3.354
rlrange=50,sigma2=10
Scale,nR,nL,RSCT1,RSCT2,BFST1,RSCL1,RSCL2,BFSL
0,0,0,4.006879999906232e-05,0.000256060200007596,0.007062855600000148,14.342,4.6,3.406
rlrange=50,sigma2=10
Scale,nR,nL,RSCT1,RSCT2,BFST1,RSCL1,RSCL2,BFSL
0,0,0,4.199179999250191e-05,0.00026511079999181676,0.009310844399998587,14.27,4.442,3.304
rlrange=50,sigma2=10
Scale,nR,nL,RSCT1,RSCT2,BFST1,RSCL1,RSCL2,BFSL
0,0,0,4.2629799996575456e-05,0.00026937519999455616,0.00972699979999652,13.102,4.424,3.392
rlrange=50,sigma2=10
Scale,nR,nL,RSCT1,RSCT2,BFST1,RSCL1,RSCL2,BFSL
0,0,0,4.0667599997505024e-05,0.00025911259999838874,0.007721900399999868,13.524,4.652,3.334
rlrange=50,sigma2=10
Scale,nR,nL,RSCT1,RSCT2,BFST1,RSCL1,RSCL2,BFSL
0,0,0,3.86843999967823e-05,0.00023843139999735286,0.008034207400000014,13.474,4.11,3.306
rlrange=50,sigma2=10
Scale,nR,nL,RSCT1,RSCT2,BFST1,RSCL1,RSCL2,BFSL
0,0,0,4.098639999938314e-05,0.000255743399999119,0.008057156999993367,13.638,4.29,3.34
rlrange=50,sigma2=10
Scale,nR,nL,RSCT1,RSCT2,BFST1,RSCL1,RSCL2,BFSL
0,0,0,4.02252000030785e-05,0.00026953740000544715,0.0078807900000038,13.876,4.5,3.34
rlrange=50,sigma2=10
Scale,nR,nL,RSCT1,RSCT2,BFST1,RSCL1,RSCL2,BFSL
0,0,0,4.526659999783078e-05,0.000274420799993095,0.008857603800000106,13.586,4.498,3.378
rlrange=50,sigma2=10
Scale,nR,nL,RSCT1,RSCT2,BFST1,RSCL1,RSCL2,BFSL
0,0,0,6.167879999838988e-05,0.00028842579999582087,0.009281967599997642,14.482,4.39,3.414
rlrange=50,sigma2=10
Scale,nR,nL,RSCT1,RSCT2,BFST1,RSCL1,RSCL2,BFSL
0,0,0,3.999380000050223e-05,0.0002452706000003673,0.008595641399999295,13.758,4.35,3.336
rlrange=50,sigma2=10
Scale,nR,nL,RSCT1,RSCT2,BFST1,RSCL1,RSCL2,BFSL
0,0,0,3.7988400003087005e-05,0.0002524768000048425,0.007426087000004372,13.482,4.392,3.334
rlrange=50,sigma2=10
Scale,nR,nL,RSCT1,RSCT2,BFST1,RSCL1,RSCL2,BFSL
0,0,0,3.844539999818153e-05,0.00024174359999642547,0.0079427997999951,12.944,4.36,3.38
rlrange=50,sigma2=10
Scale,nR,nL,RSCT1,RSCT2,BFST1,RSCL1,RSCL2,BFSL
0,0,0,4.167379999807963e-05,0.0002698566000021856,0.008434630999999627,13.864,4.232,3.342
rlrange=50,sigma2=10
Scale,nR,nL,RSCT1,RSCT2,BFST1,RSCL1,RSCL2,BFSL
0,0,0,4.255220000322879e-05,0.0001760142000052838,0.0068940501999964,13.764,13.764,3.3
rlrange=50,sigma2=10
Scale,nR,nL,RSCT1,RSCT2,BFST1,RSCL1,RSCL2,BFSL
0,0,0,3.9762600001722605e-05,0.00027973700000757164,0.008614092400000573,14.372,7.952,3.344
rlrange=50,sigma2=10
Scale,nR,nL,RSCT1,RSCT2,BFST1,RSCL1,RSCL2,BFSL
0,0,0,4.4376200006809085e-05,0.00033173160001069845,0.009512703999998394,14.638,5.48,3.402
rlrange=50,sigma2=10
Scale,nR,nL,RSCT1,RSCT2,BFST1,RSCL1,RSCL2,BFSL
0,0,0,3.9473000002544724e-05,0.00029755740000609877,0.008527022000002944,13.238,4.85,3.38
rlrange=50,sigma2=10
Scale,nR,nL,RSCT1,RSCT2,BFST1,RSCL1,RSCL2,BFSL
0,0,0,4.280180000250766e-05,0.00031225540000195907,0.008529515000008814,14.546,4.588,3.338
rlrange=50,sigma2=10
Scale,nR,nL,RSCT1,RSCT2,BFST1,RSCL1,RSCL2,BFSL
0,0,0,5.084480000368785e-05,0.00031091500000911764,0.008574676199997158,14.548,4.636,3.33
rlrange=50,sigma2=10
Scale,nR,nL,RSCT1,RSCT2,BFST1,RSCL1,RSCL2,BFSL
0,0,0,3.9615800003957705e-05,0.0002796020000041608,0.010108947400001853,14.206,4.41,3.394
rlrange=50,sigma2=10
Scale,nR,nL,RSCT1,RSCT2,BFST1,RSCL1,RSCL2,BFSL
0,0,0,3.991819999464496e-05,0.00028116799999997966,0.009304878799996459,13.672,4.388,3.38
rlrange=50,sigma2=10
Scale,nR,nL,RSCT1,RSCT2,BFST1,RSCL1,RSCL2,BFSL
0,0,0,4.004439999744136e-05,0.0002747900000013033,0.006616411999999855,14.226,4.83,3.332
rlrange=50,sigma2=10
Scale,nR,nL,RSCT1,RSCT2,BFST1,RSCL1,RSCL2,BFSL
0,0,0,4.02780000013081e-05,0.00028531919999932144,0.007693857799998568,14.874,4.472,3.332
rlrange=50,sigma2=10
Scale,nR,nL,RSCT1,RSCT2,BFST1,RSCL1,RSCL2,BFSL
0,0,0,4.133840000395139e-05,0.00027125399999886215,0.007649343999999473,14.746,4.41,3.3
rlrange=50,sigma2=10
Scale,nR,nL,RSCT1,RSCT2,BFST1,RSCL1,RSCL2,BFSL
0,0,0,4.2680400003973776e-05,0.0002990870000062387,0.008112720000002809,14.29,4.554,3.316
rlrange=50,sigma2=10
Scale,nR,nL,RSCT1,RSCT2,BFST1,RSCL1,RSCL2,BFSL
0,0,0,4.017059999569028e-05,0.00026511399999435526,0.009327383800000916,13.132,4.348,3.282
rlrange=50,sigma2=10
Scale,nR,nL,RSCT1,RSCT2,BFST1,RSCL1,RSCL2,BFSL
0,0,0,4.0093800001159255e-05,0.0002890128000040022,0.00782879019999882,12.87,4.538,3.386
rlrange=50,sigma2=10
Scale,nR,nL,RSCT1,RSCT2,BFST1,RSCL1,RSCL2,BFSL
0,0,0,4.615380000359437e-05,0.0003073585999973147,0.008665086599999086,13.272,4.408,3.34
rlrange=50,sigma2=10
Scale,nR,nL,RSCT1,RSCT2,BFST1,RSCL1,RSCL2,BFSL
0,0,0,3.9286399993670784e-05,0.00029128679998893857,0.008984073199996147,13.286,4.71,3.428
rlrange=50,sigma2=10
Scale,nR,nL,RSCT1,RSCT2,BFST1,RSCL1,RSCL2,BFSL
0,0,0,4.094620000205396e-05,0.0002938658000043688,0.008544412400004604,13.616,4.814,3.36
rlrange=50,sigma2=10
Scale,nR,nL,RSCT1,RSCT2,BFST1,RSCL1,RSCL2,BFSL
0,0,0,4.140399999823785e-05,0.00028182779999815465,0.008059529799999382,13.76,4.264,3.34
rlrange=50,sigma2=10
Scale,nR,nL,RSCT1,RSCT2,BFST1,RSCL1,RSCL2,BFSL
0,0,0,4.118039999548273e-05,0.0002917979999888303,0.008455329199997778,13.994,4.532,3.42
rlrange=50,sigma2=10
Scale,nR,nL,RSCT1,RSCT2,BFST1,RSCL1,RSCL2,BFSL
0,0,0,4.167580000375892e-05,0.00027168020000635805,0.00977626499999542,14.512,4.2,3.328
rlrange=50,sigma2=10
Scale,nR,nL,RSCT1,RSCT2,BFST1,RSCL1,RSCL2,BFSL
0,0,0,4.195060000392914e-05,0.00030970780000961893,0.008188956400001189,13.678,4.434,3.33
rlrange=50,sigma2=10
Scale,nR,nL,RSCT1,RSCT2,BFST1,RSCL1,RSCL2,BFSL
0,0,0,4.05854000096042e-05,0.00018576400000392822,0.008128871400005209,13.744,13.744,3.358
rlrange=50,sigma2=10
Scale,nR,nL,RSCT1,RSCT2,BFST1,RSCL1,RSCL2,BFSL
0,0,0,4.354520000197226e-05,0.00031809840000141773,0.009043323999998392,13.676,7.748,3.352
rlrange=50,sigma2=10
Scale,nR,nL,RSCT1,RSCT2,BFST1,RSCL1,RSCL2,BFSL
0,0,0,4.513640000504893e-05,0.0003447822000111955,0.0102102222000035,15.036,5.368,3.314
rlrange=50,sigma2=10
Scale,nR,nL,RSCT1,RSCT2,BFST1,RSCL1,RSCL2,BFSL
0,0,0,4.119940000873612e-05,0.0003163928000176384,0.0075370450000136775,13.424,4.738,3.352
rlrange=50,sigma2=10
Scale,nR,nL,RSCT1,RSCT2,BFST1,RSCL1,RSCL2,BFSL
0,0,0,4.370199998811586e-05,0.00032755519998863746,0.0091102738000136,13.84,4.308,3.344
rlrange=50,sigma2=10
Scale,nR,nL,RSCT1,RSCT2,BFST1,RSCL1,RSCL2,BFSL
0,0,0,4.1929000009076844e-05,0.0003459222000083173,0.008202149799983089,14.004,4.634,3.348
rlrange=50,sigma2=10
Scale,nR,nL,RSCT1,RSCT2,BFST1,RSCL1,RSCL2,BFSL
0,0,0,4.179319999911968e-05,0.00033253960000092776,0.008622693999992407,12.474,4.308,3.324
rlrange=50,sigma2=10
Scale,nR,nL,RSCT1,RSCT2,BFST1,RSCL1,RSCL2,BFSL
0,0,0,4.476180000710883e-05,0.0003200622000013027,0.008675417599994035,14.718,4.622,3.348
rlrange=50,sigma2=10
Scale,nR,nL,RSCT1,RSCT2,BFST1,RSCL1,RSCL2,BFSL
0,0,0,4.488420000689075e-05,0.0003183683999977802,0.008786297000002379,14.602,4.454,3.332
rlrange=50,sigma2=10
Scale,nR,nL,RSCT1,RSCT2,BFST1,RSCL1,RSCL2,BFSL
0,0,0,4.0375800001129394e-05,0.0003149161999954231,0.007611725599999773,13.722,4.58,3.382
rlrange=50,sigma2=10
Scale,nR,nL,RSCT1,RSCT2,BFST1,RSCL1,RSCL2,BFSL
0,0,0,4.247079999458947e-05,0.00029813019998255186,0.008598348399987117,14.004,4.358,3.31
rlrange=50,sigma2=10
Scale,nR,nL,RSCT1,RSCT2,BFST1,RSCL1,RSCL2,BFSL
0,0,0,3.518579999490612e-05,0.00026787299999614335,0.00857058740001321,12.13,4.192,3.336
rlrange=50,sigma2=10
Scale,nR,nL,RSCT1,RSCT2,BFST1,RSCL1,RSCL2,BFSL
0,0,0,3.907079999953567e-05,0.0002869439999931274,0.00800222720000329,13.498,4.398,3.352
rlrange=50,sigma2=10
Scale,nR,nL,RSCT1,RSCT2,BFST1,RSCL1,RSCL2,BFSL
0,0,0,4.464560000451456e-05,0.0002999725999907241,0.009669568799992704,14.944,4.372,3.332
rlrange=50,sigma2=10
Scale,nR,nL,RSCT1,RSCT2,BFST1,RSCL1,RSCL2,BFSL
0,0,0,3.919759998825612e-05,0.00029542719998698884,0.008045264600000337,13.202,4.326,3.304
rlrange=50,sigma2=10
Scale,nR,nL,RSCT1,RSCT2,BFST1,RSCL1,RSCL2,BFSL
0,0,0,4.176859999643057e-05,0.00030333799999698386,0.008134735799995725,13.876,4.35,3.33
rlrange=50,sigma2=10
Scale,nR,nL,RSCT1,RSCT2,BFST1,RSCL1,RSCL2,BFSL
0,0,0,4.1807400012658036e-05,0.0002817636000290804,0.008067211000001408,13.306,4.422,3.354
rlrange=50,sigma2=10
Scale,nR,nL,RSCT1,RSCT2,BFST1,RSCL1,RSCL2,BFSL
0,0,0,4.285780000282102e-05,0.00029885779999040094,0.0076048782000052596,14.13,4.29,3.286
rlrange=50,sigma2=10
Scale,nR,nL,RSCT1,RSCT2,BFST1,RSCL1,RSCL2,BFSL
0,0,0,4.290539999055909e-05,0.00029588599998805874,0.008348211999980776,14.064,4.39,3.346
rlrange=50,sigma2=10
Scale,nR,nL,RSCT1,RSCT2,BFST1,RSCL1,RSCL2,BFSL
0,0,0,4.047239998726582e-05,0.0003033997999873463,0.007038612200001807,14.092,4.66,3.338
rlrange=50,sigma2=10
Scale,nR,nL,RSCT1,RSCT2,BFST1,RSCL1,RSCL2,BFSL
0,0,0,3.9393799991557896e-05,0.00027073399998425886,0.008643624199987243,13.388,4.226,3.4
rlrange=50,sigma2=10
Scale,nR,nL,RSCT1,RSCT2,BFST1,RSCL1,RSCL2,BFSL
0,0,0,3.8588799991885023e-05,0.00018376599999373865,0.008589011199991546,13.868,13.868,3.332
rlrange=50,sigma2=10
Scale,nR,nL,RSCT1,RSCT2,BFST1,RSCL1,RSCL2,BFSL
0,0,0,3.9208399996823574e-05,0.0003216713999863714,0.00797581439998612,13.568,8.23,3.382
rlrange=50,sigma2=10
Scale,nR,nL,RSCT1,RSCT2,BFST1,RSCL1,RSCL2,BFSL
0,0,0,3.916500000468659e-05,0.0003537135999995371,0.008365412999993169,13.638,5.966,3.376
rlrange=50,sigma2=10
Scale,nR,nL,RSCT1,RSCT2,BFST1,RSCL1,RSCL2,BFSL
0,0,0,4.100419999849691e-05,0.0003443779999879553,0.009057452199988802,13.922,4.59,3.37
rlrange=50,sigma2=10
Scale,nR,nL,RSCT1,RSCT2,BFST1,RSCL1,RSCL2,BFSL
0,0,0,3.892179999547807e-05,0.00031922380000196424,0.008211965799993778,14.796,4.924,3.416
rlrange=50,sigma2=10
Scale,nR,nL,RSCT1,RSCT2,BFST1,RSCL1,RSCL2,BFSL
0,0,0,5.2673800003503854e-05,0.0003756641999907515,0.008739806000005046,14.868,4.51,3.344
rlrange=50,sigma2=10
Scale,nR,nL,RSCT1,RSCT2,BFST1,RSCL1,RSCL2,BFSL
0,0,0,4.107799998746486e-05,0.0003054695999835531,0.007941173399999571,13.7,4.36,3.34
rlrange=50,sigma2=10
Scale,nR,nL,RSCT1,RSCT2,BFST1,RSCL1,RSCL2,BFSL
0,0,0,4.3351399996026887e-05,0.00035442339999190156,0.008519886999994924,14.36,4.77,3.4
rlrange=50,sigma2=10
Scale,nR,nL,RSCT1,RSCT2,BFST1,RSCL1,RSCL2,BFSL
0,0,0,4.123539999363857e-05,0.000308924199998728,0.008050940800007993,13.686,4.2,3.294
rlrange=50,sigma2=10
Scale,nR,nL,RSCT1,RSCT2,BFST1,RSCL1,RSCL2,BFSL
0,0,0,4.194439999355381e-05,0.00031237979998604713,0.008933600200005458,12.866,4.334,3.378
rlrange=50,sigma2=10
Scale,nR,nL,RSCT1,RSCT2,BFST1,RSCL1,RSCL2,BFSL
0,0,0,4.427919998397556e-05,0.0003329411999893637,0.007875260799976786,13.974,4.396,3.322
rlrange=50,sigma2=10
Scale,nR,nL,RSCT1,RSCT2,BFST1,RSCL1,RSCL2,BFSL
0,0,0,3.858239999772195e-05,0.0003118146000088018,0.006691191000008985,13.462,4.504,3.302
rlrange=50,sigma2=10
Scale,nR,nL,RSCT1,RSCT2,BFST1,RSCL1,RSCL2,BFSL
0,0,0,4.465599999275582e-05,0.00032294599997112526,0.00847418679999828,13.262,4.112,3.298
rlrange=50,sigma2=10
Scale,nR,nL,RSCT1,RSCT2,BFST1,RSCL1,RSCL2,BFSL
0,0,0,4.0584000007584106e-05,0.0003136298000108582,0.008147543200005202,13.84,4.418,3.328
rlrange=50,sigma2=10
Scale,nR,nL,RSCT1,RSCT2,BFST1,RSCL1,RSCL2,BFSL
0,0,0,4.185519999737153e-05,0.0003204863999890222,0.008330582999993567,14.286,4.508,3.322
rlrange=50,sigma2=10
Scale,nR,nL,RSCT1,RSCT2,BFST1,RSCL1,RSCL2,BFSL
0,0,0,4.2232600001625544e-05,0.0003182605999927546,0.008922245200009456,14.396,4.354,3.344
rlrange=50,sigma2=10
Scale,nR,nL,RSCT1,RSCT2,BFST1,RSCL1,RSCL2,BFSL
0,0,0,4.0440399991894084e-05,0.00031138419999297183,0.008870433199981563,13.308,4.57,3.4
rlrange=50,sigma2=10
Scale,nR,nL,RSCT1,RSCT2,BFST1,RSCL1,RSCL2,BFSL
0,0,0,3.7473600001248994e-05,0.0002768491999950129,0.00834690380000211,13.696,4.192,3.298
rlrange=50,sigma2=10
Scale,nR,nL,RSCT1,RSCT2,BFST1,RSCL1,RSCL2,BFSL
0,0,0,3.9360800002214094e-05,0.0003261516000093252,0.008694493200004217,13.96,4.728,3.414
rlrange=50,sigma2=10
Scale,nR,nL,RSCT1,RSCT2,BFST1,RSCL1,RSCL2,BFSL
0,0,0,4.164839999793912e-05,0.0003272299999916868,0.008019060400004491,14.134,4.53,3.35
rlrange=50,sigma2=10
Scale,nR,nL,RSCT1,RSCT2,BFST1,RSCL1,RSCL2,BFSL
0,0,0,3.873460000068007e-05,0.00030065540001032785,0.00801443959999142,13.212,4.41,3.378
rlrange=50,sigma2=10
Scale,nR,nL,RSCT1,RSCT2,BFST1,RSCL1,RSCL2,BFSL
0,0,0,4.0886399992814405e-05,0.00020087299998613163,0.008367607600001065,13.786,13.786,3.322
rlrange=50,sigma2=10
Scale,nR,nL,RSCT1,RSCT2,BFST1,RSCL1,RSCL2,BFSL
0,0,0,3.8701000001310605e-05,0.0003416942000030758,0.008760802800004967,13.422,7.762,3.368
rlrange=50,sigma2=10
Scale,nR,nL,RSCT1,RSCT2,BFST1,RSCL1,RSCL2,BFSL
0,0,0,3.96352000107072e-05,0.0003772206000085134,0.008111373599996113,13.632,5.938,3.374
rlrange=50,sigma2=10
Scale,nR,nL,RSCT1,RSCT2,BFST1,RSCL1,RSCL2,BFSL
0,0,0,4.337959997883445e-05,0.0003756229999680727,0.00802969099999791,13.782,4.686,3.368
rlrange=50,sigma2=10
Scale,nR,nL,RSCT1,RSCT2,BFST1,RSCL1,RSCL2,BFSL
0,0,0,4.414140000699263e-05,0.0003817322000013519,0.007775065000002542,14.492,4.556,3.336
rlrange=50,sigma2=10
Scale,nR,nL,RSCT1,RSCT2,BFST1,RSCL1,RSCL2,BFSL
0,0,0,4.144220001489884e-05,0.0003496319999994739,0.008474332399994637,14.42,4.528,3.346
rlrange=50,sigma2=10
Scale,nR,nL,RSCT1,RSCT2,BFST1,RSCL1,RSCL2,BFSL
0,0,0,4.0884799997911615e-05,0.000343553199996677,0.009262483399997109,14.312,4.282,3.286
rlrange=50,sigma2=10
Scale,nR,nL,RSCT1,RSCT2,BFST1,RSCL1,RSCL2,BFSL
0,0,0,3.9149199998973926e-05,0.00031868579999900246,0.007229835600018305,13.97,4.224,3.316
rlrange=50,sigma2=10
Scale,nR,nL,RSCT1,RSCT2,BFST1,RSCL1,RSCL2,BFSL
0,0,0,4.137860000901128e-05,0.0003303408000165291,0.008869740399992224,12.944,4.244,3.31
rlrange=50,sigma2=10
Scale,nR,nL,RSCT1,RSCT2,BFST1,RSCL1,RSCL2,BFSL
0,0,0,5.258399999274843e-05,0.00037475119997634466,0.00863256260000253,14.556,4.376,3.376
rlrange=50,sigma2=10
Scale,nR,nL,RSCT1,RSCT2,BFST1,RSCL1,RSCL2,BFSL
0,0,0,4.171579998092057e-05,0.0003495593999814446,0.008686600599996382,13.944,4.456,3.356
rlrange=50,sigma2=10
Scale,nR,nL,RSCT1,RSCT2,BFST1,RSCL1,RSCL2,BFSL
0,0,0,3.935200000705663e-05,0.00031235960001049534,0.007736270200003673,13.132,4.216,3.318
rlrange=50,sigma2=10
Scale,nR,nL,RSCT1,RSCT2,BFST1,RSCL1,RSCL2,BFSL
0,0,0,4.3375199995352884e-05,0.0003584413999951721,0.010847561199994743,13.328,4.366,3.33
rlrange=50,sigma2=10
Scale,nR,nL,RSCT1,RSCT2,BFST1,RSCL1,RSCL2,BFSL
0,0,0,4.377420001128485e-05,0.00035930080002526663,0.009107958000005056,14.152,4.54,3.356
rlrange=50,sigma2=10
Scale,nR,nL,RSCT1,RSCT2,BFST1,RSCL1,RSCL2,BFSL
0,0,0,4.121860000759625e-05,0.0003374924000045212,0.008369499799997357,13.58,4.216,3.332
rlrange=50,sigma2=10
Scale,nR,nL,RSCT1,RSCT2,BFST1,RSCL1,RSCL2,BFSL
0,0,0,4.0653999994901825e-05,0.0003397011999713868,0.008179990999997245,13.962,4.508,3.34
rlrange=50,sigma2=10
Scale,nR,nL,RSCT1,RSCT2,BFST1,RSCL1,RSCL2,BFSL
0,0,0,4.263499999342457e-05,0.0003501659999956246,0.008479107800001657,14.184,4.216,3.35
rlrange=50,sigma2=10
Scale,nR,nL,RSCT1,RSCT2,BFST1,RSCL1,RSCL2,BFSL
0,0,0,3.8144000011925525e-05,0.00031201940001574256,0.008708877200001552,13.774,4.32,3.374
rlrange=50,sigma2=10
Scale,nR,nL,RSCT1,RSCT2,BFST1,RSCL1,RSCL2,BFSL
0,0,0,4.1791800007558775e-05,0.00032263400001193075,0.008321408199996768,13.958,4.2,3.328
rlrange=50,sigma2=10
Scale,nR,nL,RSCT1,RSCT2,BFST1,RSCL1,RSCL2,BFSL
0,0,0,4.5061800001349184e-05,0.0003690850000084538,0.007637046199998622,13.918,4.378,3.338
rlrange=50,sigma2=10
Scale,nR,nL,RSCT1,RSCT2,BFST1,RSCL1,RSCL2,BFSL
0,0,0,4.335779998837097e-05,0.00034439119998842213,0.008670427599992763,13.69,4.252,3.352
rlrange=50,sigma2=10
Scale,nR,nL,RSCT1,RSCT2,BFST1,RSCL1,RSCL2,BFSL
0,0,0,4.278060000160622e-05,0.0002183286000008593,0.009003391799989003,14.064,14.064,3.368
rlrange=50,sigma2=10
Scale,nR,nL,RSCT1,RSCT2,BFST1,RSCL1,RSCL2,BFSL
0,0,0,4.157220001070527e-05,0.00037020020002637464,0.007488096199994288,14.084,8.006,3.386
rlrange=50,sigma2=10
Scale,nR,nL,RSCT1,RSCT2,BFST1,RSCL1,RSCL2,BFSL
0,0,0,4.0725800003201584e-05,0.00037954959999933637,0.007699149199987005,14.19,5.158,3.444
rlrange=50,sigma2=10
Scale,nR,nL,RSCT1,RSCT2,BFST1,RSCL1,RSCL2,BFSL
0,0,0,4.278140000405983e-05,0.0003745970000036323,0.007464770600006886,13.126,4.618,3.344
rlrange=50,sigma2=10
Scale,nR,nL,RSCT1,RSCT2,BFST1,RSCL1,RSCL2,BFSL
0,0,0,3.994939999938651e-05,0.00035205040002165335,0.00910989120000704,14.198,4.492,3.364
rlrange=50,sigma2=10
Scale,nR,nL,RSCT1,RSCT2,BFST1,RSCL1,RSCL2,BFSL
0,0,0,3.969919999963167e-05,0.0003495005999902787,0.008636243400011153,13.45,4.286,3.352
rlrange=50,sigma2=10
Scale,nR,nL,RSCT1,RSCT2,BFST1,RSCL1,RSCL2,BFSL
0,0,0,4.2344799987404256e-05,0.0003678197999988697,0.008143887600010202,14.08,4.504,3.396
rlrange=50,sigma2=10
Scale,nR,nL,RSCT1,RSCT2,BFST1,RSCL1,RSCL2,BFSL
0,0,0,4.1638200001216316e-05,0.0003679422000004706,0.008420137400004933,13.198,4.394,3.356
rlrange=50,sigma2=10
Scale,nR,nL,RSCT1,RSCT2,BFST1,RSCL1,RSCL2,BFSL
0,0,0,4.08424000006562e-05,0.00036288859998057885,0.009090624799996476,14.092,4.502,3.36
rlrange=50,sigma2=10
Scale,nR,nL,RSCT1,RSCT2,BFST1,RSCL1,RSCL2,BFSL
0,0,0,4.3000799996661955e-05,0.0003483840000071723,0.007867808999988483,14.74,4.26,3.304
rlrange=50,sigma2=10
Scale,nR,nL,RSCT1,RSCT2,BFST1,RSCL1,RSCL2,BFSL
0,0,0,3.793980001046293e-05,0.0003205173999949693,0.008507129999995413,13.778,4.338,3.326
rlrange=50,sigma2=10
Scale,nR,nL,RSCT1,RSCT2,BFST1,RSCL1,RSCL2,BFSL
0,0,0,3.780080001615715e-05,0.0003219870000057199,0.00823471880001125,12.624,4.312,3.346
rlrange=50,sigma2=10
Scale,nR,nL,RSCT1,RSCT2,BFST1,RSCL1,RSCL2,BFSL
0,0,0,3.997919999983424e-05,0.0003352620000086972,0.007548138200001631,12.98,4.73,3.306
rlrange=50,sigma2=10
Scale,nR,nL,RSCT1,RSCT2,BFST1,RSCL1,RSCL2,BFSL
0,0,0,4.5462799998858824e-05,0.0003662834000087969,0.008213162200014267,12.958,4.466,3.334
rlrange=50,sigma2=10
Scale,nR,nL,RSCT1,RSCT2,BFST1,RSCL1,RSCL2,BFSL
0,0,0,3.946799999630457e-05,0.00033932080000977294,0.007673300800009201,13.264,4.248,3.31
rlrange=50,sigma2=10
Scale,nR,nL,RSCT1,RSCT2,BFST1,RSCL1,RSCL2,BFSL
0,0,0,4.0331799997147754e-05,0.00035127180001200034,0.008292096999996829,13.896,4.606,3.38
rlrange=50,sigma2=10
Scale,nR,nL,RSCT1,RSCT2,BFST1,RSCL1,RSCL2,BFSL
0,0,0,3.995280001890933e-05,0.0003488482000084332,0.007882363399999122,13.08,4.324,3.316
rlrange=50,sigma2=10
Scale,nR,nL,RSCT1,RSCT2,BFST1,RSCL1,RSCL2,BFSL
0,0,0,4.4440399989980504e-05,0.00038820479998867086,0.008628616799994233,14.594,4.566,3.384
rlrange=50,sigma2=10
Scale,nR,nL,RSCT1,RSCT2,BFST1,RSCL1,RSCL2,BFSL
0,0,0,4.0920799997365974e-05,0.00036317659999167515,0.008552866199989694,14.786,4.44,3.384
rlrange=50,sigma2=10
Scale,nR,nL,RSCT1,RSCT2,BFST1,RSCL1,RSCL2,BFSL
0,0,0,4.513420000057522e-05,0.0003674199999832126,0.008997298999996019,14.348,4.248,3.39
rlrange=50,sigma2=10
Scale,nR,nL,RSCT1,RSCT2,BFST1,RSCL1,RSCL2,BFSL
0,0,0,4.0205800011790415e-05,0.00031830980000813723,0.00763531920000878,13.112,4.168,3.274
rlrange=50,sigma2=10
Scale,nR,nL,RSCT1,RSCT2,BFST1,RSCL1,RSCL2,BFSL
0,0,0,3.7393600008726934e-05,0.00021026019999317212,0.00875706560000981,13.61,13.61,3.352
rlrange=50,sigma2=10
Scale,nR,nL,RSCT1,RSCT2,BFST1,RSCL1,RSCL2,BFSL
0,0,0,4.080619999513147e-05,0.0003505063999809863,0.007684575599986601,13.206,5.54,3.264
rlrange=50,sigma2=10
Scale,nR,nL,RSCT1,RSCT2,BFST1,RSCL1,RSCL2,BFSL
0,0,0,4.193220001161535e-05,0.000438618400004998,0.008352957599994625,13.968,5.566,3.342
rlrange=50,sigma2=10
Scale,nR,nL,RSCT1,RSCT2,BFST1,RSCL1,RSCL2,BFSL
0,0,0,4.069720000916277e-05,0.0004021710000060921,0.008063372000006893,13.73,4.756,3.322
rlrange=50,sigma2=10
Scale,nR,nL,RSCT1,RSCT2,BFST1,RSCL1,RSCL2,BFSL
0,0,0,4.2308200004299576e-05,0.0003862006000081237,0.008850367799986998,14.11,4.364,3.36
rlrange=50,sigma2=10
Scale,nR,nL,RSCT1,RSCT2,BFST1,RSCL1,RSCL2,BFSL
0,0,0,6.710159999329335e-05,0.0004020519999921817,0.008254875600012384,13.254,4.222,3.35
rlrange=50,sigma2=10
Scale,nR,nL,RSCT1,RSCT2,BFST1,RSCL1,RSCL2,BFSL
0,0,0,4.008560000420402e-05,0.00038690119999773743,0.007999120000000403,13.004,4.38,3.336
rlrange=50,sigma2=10
Scale,nR,nL,RSCT1,RSCT2,BFST1,RSCL1,RSCL2,BFSL
0,0,0,4.512139999405917e-05,0.00036087799999495474,0.010170691400006034,14.604,4.296,3.358
rlrange=50,sigma2=10
Scale,nR,nL,RSCT1,RSCT2,BFST1,RSCL1,RSCL2,BFSL
0,0,0,4.5615600005476154e-05,0.0003899139999966792,0.008267034199996488,14.21,4.306,3.31
rlrange=50,sigma2=10
Scale,nR,nL,RSCT1,RSCT2,BFST1,RSCL1,RSCL2,BFSL
0,0,0,4.329699998743308e-05,0.0003799921999852813,0.008475256800002171,13.906,4.498,3.362
rlrange=50,sigma2=10
Scale,nR,nL,RSCT1,RSCT2,BFST1,RSCL1,RSCL2,BFSL
0,0,0,4.014940000070055e-05,0.00039031740000609714,0.007611576000000241,14.054,4.526,3.32
rlrange=50,sigma2=10
Scale,nR,nL,RSCT1,RSCT2,BFST1,RSCL1,RSCL2,BFSL
0,0,0,4.2552599992632165e-05,0.0003499389999815321,0.008760026200003266,13.844,4.088,3.322
rlrange=50,sigma2=10
Scale,nR,nL,RSCT1,RSCT2,BFST1,RSCL1,RSCL2,BFSL
0,0,0,3.8774400004513153e-05,0.0003380946000024778,0.00808802960000412,12.608,4.3,3.32
rlrange=50,sigma2=10
Scale,nR,nL,RSCT1,RSCT2,BFST1,RSCL1,RSCL2,BFSL
0,0,0,4.140839998854062e-05,0.0003855045999789581,0.00781274499999563,13.566,4.238,3.364
rlrange=50,sigma2=10
Scale,nR,nL,RSCT1,RSCT2,BFST1,RSCL1,RSCL2,BFSL
0,0,0,3.935579999779293e-05,0.00034651679998478355,0.009546848999982102,12.972,4.224,3.334
rlrange=50,sigma2=10
Scale,nR,nL,RSCT1,RSCT2,BFST1,RSCL1,RSCL2,BFSL
0,0,0,3.959980000945507e-05,0.0003901984000185621,0.008170296600005712,13.856,4.556,3.368
rlrange=50,sigma2=10
Scale,nR,nL,RSCT1,RSCT2,BFST1,RSCL1,RSCL2,BFSL
0,0,0,4.157020000729972e-05,0.0003577372000045216,0.009353242799999861,13.668,4.23,3.376
rlrange=50,sigma2=10
Scale,nR,nL,RSCT1,RSCT2,BFST1,RSCL1,RSCL2,BFSL
0,0,0,3.98001999965345e-05,0.00036125299999639537,0.008760576200015748,13.412,4.164,3.31
rlrange=50,sigma2=10
Scale,nR,nL,RSCT1,RSCT2,BFST1,RSCL1,RSCL2,BFSL
0,0,0,4.2282400005206e-05,0.00040593240000816875,0.008311975800001163,14.22,4.69,3.38
rlrange=50,sigma2=10
Scale,nR,nL,RSCT1,RSCT2,BFST1,RSCL1,RSCL2,BFSL
0,0,0,3.89962000081141e-05,0.00038190400001894884,0.007189060799988511,14.082,4.39,3.342
rlrange=50,sigma2=10
Scale,nR,nL,RSCT1,RSCT2,BFST1,RSCL1,RSCL2,BFSL
0,0,0,4.3054600005234534e-05,0.0003610454000008758,0.008311881199992058,14.508,4.35,3.32
rlrange=50,sigma2=10
Scale,nR,nL,RSCT1,RSCT2,BFST1,RSCL1,RSCL2,BFSL
0,0,0,4.0147400002751964e-05,0.00023150259999965783,0.007574757399992449,13.326,13.326,3.364
rlrange=50,sigma2=10
Scale,nR,nL,RSCT1,RSCT2,BFST1,RSCL1,RSCL2,BFSL
0,0,0,4.212019999249606e-05,0.00042957259999275267,0.007022760200003177,14.252,7.632,3.326
rlrange=50,sigma2=10
Scale,nR,nL,RSCT1,RSCT2,BFST1,RSCL1,RSCL2,BFSL
0,0,0,5.188299999554147e-05,0.0004514181999993525,0.008163250799993875,13.592,5.222,3.294
rlrange=50,sigma2=10
Scale,nR,nL,RSCT1,RSCT2,BFST1,RSCL1,RSCL2,BFSL
0,0,0,4.278499998508778e-05,0.00044407879999926083,0.008759525600012238,13.278,4.566,3.326
rlrange=50,sigma2=10
Scale,nR,nL,RSCT1,RSCT2,BFST1,RSCL1,RSCL2,BFSL
0,0,0,3.972339999472752e-05,0.0004152375999838114,0.008060417799993957,13.188,4.44,3.342
rlrange=50,sigma2=10
Scale,nR,nL,RSCT1,RSCT2,BFST1,RSCL1,RSCL2,BFSL
0,0,0,3.81816000026447e-05,0.00038368740002078994,0.0079843305999957,13.844,4.31,3.334
rlrange=50,sigma2=10
Scale,nR,nL,RSCT1,RSCT2,BFST1,RSCL1,RSCL2,BFSL
0,0,0,4.0931600007752425e-05,0.00040466720002132204,0.008023899600005279,13.382,4.438,3.366
rlrange=50,sigma2=10
Scale,nR,nL,RSCT1,RSCT2,BFST1,RSCL1,RSCL2,BFSL
0,0,0,4.345300001114083e-05,0.00039491260001977933,0.00837492860000384,14.35,4.248,3.376
rlrange=50,sigma2=10
Scale,nR,nL,RSCT1,RSCT2,BFST1,RSCL1,RSCL2,BFSL
0,0,0,4.355780000241793e-05,0.00040595859999575625,0.008730630800002474,13.472,4.364,3.358
rlrange=50,sigma2=10
Scale,nR,nL,RSCT1,RSCT2,BFST1,RSCL1,RSCL2,BFSL
0,0,0,3.9858199992522716e-05,0.0003752091999995173,0.006711669400014216,13.572,4.462,3.394
rlrange=50,sigma2=10
Scale,nR,nL,RSCT1,RSCT2,BFST1,RSCL1,RSCL2,BFSL
0,0,0,4.2327600007411096e-05,0.0003811170000017228,0.007703595399998448,13.924,4.436,3.326
rlrange=50,sigma2=10
Scale,nR,nL,RSCT1,RSCT2,BFST1,RSCL1,RSCL2,BFSL
0,0,0,3.9850799996202116e-05,0.0003734919999924387,0.008342688800003089,13.44,4.382,3.376
rlrange=50,sigma2=10
Scale,nR,nL,RSCT1,RSCT2,BFST1,RSCL1,RSCL2,BFSL
0,0,0,4.081100001167215e-05,0.00036199840002063867,0.007928166400005467,13.692,4.286,3.288
rlrange=50,sigma2=10
Scale,nR,nL,RSCT1,RSCT2,BFST1,RSCL1,RSCL2,BFSL
0,0,0,4.9541400008820344e-05,0.0004471638000177336,0.010180240200012122,13.988,4.322,3.37
rlrange=50,sigma2=10
Scale,nR,nL,RSCT1,RSCT2,BFST1,RSCL1,RSCL2,BFSL
0,0,0,4.198780000569968e-05,0.00044037839999509743,0.009766183399990951,12.678,4.302,3.36
rlrange=50,sigma2=10
Scale,nR,nL,RSCT1,RSCT2,BFST1,RSCL1,RSCL2,BFSL
0,0,0,4.298379999272584e-05,0.0004031223999836584,0.009056683999998313,13.482,4.298,3.328
rlrange=50,sigma2=10
Scale,nR,nL,RSCT1,RSCT2,BFST1,RSCL1,RSCL2,BFSL
0,0,0,5.1327600025615536e-05,0.0004935830000231362,0.009981341799997608,13.152,4.294,3.304
rlrange=50,sigma2=10
Scale,nR,nL,RSCT1,RSCT2,BFST1,RSCL1,RSCL2,BFSL
0,0,0,4.285199999048927e-05,0.00039345339999090356,0.009061737400005768,13.38,4.278,3.306
rlrange=50,sigma2=10
Scale,nR,nL,RSCT1,RSCT2,BFST1,RSCL1,RSCL2,BFSL
0,0,0,4.515000000446889e-05,0.0004144557999998142,0.009725896400003877,14.252,4.612,3.378
rlrange=50,sigma2=10
Scale,nR,nL,RSCT1,RSCT2,BFST1,RSCL1,RSCL2,BFSL
0,0,0,3.899979999187053e-05,0.00037041959999532993,0.009195468200001415,13.09,4.398,3.328
rlrange=50,sigma2=10
Scale,nR,nL,RSCT1,RSCT2,BFST1,RSCL1,RSCL2,BFSL
0,0,0,4.1961599996284346e-05,0.0004206924000009167,0.008427828200001385,14.084,4.406,3.346
rlrange=50,sigma2=10
Scale,nR,nL,RSCT1,RSCT2,BFST1,RSCL1,RSCL2,BFSL
0,0,0,3.8596400012465894e-05,0.00022702460001892177,0.008586926200000561,14.134,14.134,3.32
rlrange=50,sigma2=10
Scale,nR,nL,RSCT1,RSCT2,BFST1,RSCL1,RSCL2,BFSL
0,0,0,4.245300000457064e-05,0.0004637921999965329,0.00788314059998811,14.0,7.952,3.322
rlrange=50,sigma2=10
Scale,nR,nL,RSCT1,RSCT2,BFST1,RSCL1,RSCL2,BFSL
0,0,0,4.0943600001810406e-05,0.000432697400019606,0.008521712799990382,13.802,4.822,3.368
rlrange=50,sigma2=10
Scale,nR,nL,RSCT1,RSCT2,BFST1,RSCL1,RSCL2,BFSL
0,0,0,3.896059999533463e-05,0.00041180519998852103,0.008184388599991507,13.356,4.354,3.342
rlrange=50,sigma2=10
Scale,nR,nL,RSCT1,RSCT2,BFST1,RSCL1,RSCL2,BFSL
0,0,0,4.200320001200453e-05,0.00047644300002320963,0.009345783399996435,13.87,4.416,3.36
rlrange=50,sigma2=10
Scale,nR,nL,RSCT1,RSCT2,BFST1,RSCL1,RSCL2,BFSL
0,0,0,3.953740000633843e-05,0.00041187660000650795,0.00864034819999415,12.994,4.328,3.352
rlrange=50,sigma2=10
Scale,nR,nL,RSCT1,RSCT2,BFST1,RSCL1,RSCL2,BFSL
0,0,0,3.957160001118609e-05,0.00043172180001147355,0.007240312799999629,13.676,4.496,3.358
rlrange=50,sigma2=10
Scale,nR,nL,RSCT1,RSCT2,BFST1,RSCL1,RSCL2,BFSL
0,0,0,4.199160000553093e-05,0.00039360499999656893,0.008665684599982341,13.856,4.176,3.334
rlrange=50,sigma2=10
Scale,nR,nL,RSCT1,RSCT2,BFST1,RSCL1,RSCL2,BFSL
0,0,0,3.8096599992968546e-05,0.0003879293999789297,0.008297825999999986,13.718,4.474,3.35
rlrange=50,sigma2=10
Scale,nR,nL,RSCT1,RSCT2,BFST1,RSCL1,RSCL2,BFSL
0,0,0,4.235840000183089e-05,0.0004357615999970221,0.007494538400011152,14.586,4.474,3.344
rlrange=50,sigma2=10
Scale,nR,nL,RSCT1,RSCT2,BFST1,RSCL1,RSCL2,BFSL
0,0,0,4.2433200003870296e-05,0.00040976360000604474,0.008634059599994543,14.656,4.396,3.41
rlrange=50,sigma2=10
Scale,nR,nL,RSCT1,RSCT2,BFST1,RSCL1,RSCL2,BFSL
0,0,0,4.2983199994523605e-05,0.000420911200001683,0.007800941200000125,14.57,4.494,3.33
rlrange=50,sigma2=10
Scale,nR,nL,RSCT1,RSCT2,BFST1,RSCL1,RSCL2,BFSL
0,0,0,4.1059199998926486e-05,0.00041249040000820966,0.008855510799988224,13.744,4.252,3.362
rlrange=50,sigma2=10
Scale,nR,nL,RSCT1,RSCT2,BFST1,RSCL1,RSCL2,BFSL
0,0,0,4.1339799980050883e-05,0.0004232755999773872,0.008080129399991165,13.644,4.464,3.362
rlrange=50,sigma2=10
Scale,nR,nL,RSCT1,RSCT2,BFST1,RSCL1,RSCL2,BFSL
0,0,0,3.870620000361669e-05,0.00041774079999231615,0.008188913399994818,13.528,4.488,3.382
rlrange=50,sigma2=10
Scale,nR,nL,RSCT1,RSCT2,BFST1,RSCL1,RSCL2,BFSL
0,0,0,4.021039998860942e-05,0.0003676473999794325,0.008416477799983113,13.696,4.176,3.31
rlrange=50,sigma2=10
Scale,nR,nL,RSCT1,RSCT2,BFST1,RSCL1,RSCL2,BFSL
0,0,0,4.1780200004723154e-05,0.00039362660001825134,0.009664651600005528,14.44,4.264,3.322
rlrange=50,sigma2=10
Scale,nR,nL,RSCT1,RSCT2,BFST1,RSCL1,RSCL2,BFSL
0,0,0,4.193179999401764e-05,0.0004530576000106521,0.007382487999987461,14.344,4.52,3.332
rlrange=50,sigma2=10
Scale,nR,nL,RSCT1,RSCT2,BFST1,RSCL1,RSCL2,BFSL
0,0,0,4.660139999123203e-05,0.0004113485999760087,0.009413188200011064,13.606,4.344,3.326
rlrange=50,sigma2=10
Scale,nR,nL,RSCT1,RSCT2,BFST1,RSCL1,RSCL2,BFSL
0,0,0,3.779039999608358e-05,0.0003960120000037932,0.007625200799997401,12.884,4.372,3.31
rlrange=50,sigma2=10
Scale,nR,nL,RSCT1,RSCT2,BFST1,RSCL1,RSCL2,BFSL
0,0,0,3.9964000007785214e-05,0.00038661680001041534,0.008520669800001088,13.626,4.406,3.318
rlrange=50,sigma2=10
Scale,nR,nL,RSCT1,RSCT2,BFST1,RSCL1,RSCL2,BFSL
0,0,0,3.7940999980492053e-05,0.0002447595999819896,0.008289716799992675,14.49,14.49,3.398
rlrange=50,sigma2=10
Scale,nR,nL,RSCT1,RSCT2,BFST1,RSCL1,RSCL2,BFSL
0,0,0,4.054419999647507e-05,0.0004373156000065137,0.007850788199998533,13.834,7.202,3.324
rlrange=50,sigma2=10
Scale,nR,nL,RSCT1,RSCT2,BFST1,RSCL1,RSCL2,BFSL
0,0,0,4.701140000997839e-05,0.0005110429999876942,0.008936573400016641,13.894,5.342,3.36
rlrange=50,sigma2=10
Scale,nR,nL,RSCT1,RSCT2,BFST1,RSCL1,RSCL2,BFSL
0,0,0,4.55039999960718e-05,0.00046927459998732956,0.010051040399996054,13.278,4.43,3.418
rlrange=50,sigma2=10
Scale,nR,nL,RSCT1,RSCT2,BFST1,RSCL1,RSCL2,BFSL
0,0,0,4.4812199992520615e-05,0.0004649807999830955,0.008390084399989063,13.462,4.042,3.274
rlrange=50,sigma2=10
Scale,nR,nL,RSCT1,RSCT2,BFST1,RSCL1,RSCL2,BFSL
0,0,0,4.37488000097801e-05,0.0004498122000186413,0.007804492200008098,14.348,4.288,3.316
rlrange=50,sigma2=10
Scale,nR,nL,RSCT1,RSCT2,BFST1,RSCL1,RSCL2,BFSL
0,0,0,4.1253199997299815e-05,0.0004056923999833089,0.009413539799986211,12.868,4.252,3.306
rlrange=50,sigma2=10
Scale,nR,nL,RSCT1,RSCT2,BFST1,RSCL1,RSCL2,BFSL
0,0,0,3.983539999262575e-05,0.00039930379999987054,0.00881890060000569,13.954,4.148,3.286
rlrange=50,sigma2=10
Scale,nR,nL,RSCT1,RSCT2,BFST1,RSCL1,RSCL2,BFSL
0,0,0,4.4821999989835603e-05,0.00044110379998710416,0.00935358119999546,13.826,4.366,3.358
rlrange=50,sigma2=10
Scale,nR,nL,RSCT1,RSCT2,BFST1,RSCL1,RSCL2,BFSL
0,0,0,6.699580000804418e-05,0.000490142000015112,0.008155724799995368,14.438,4.576,3.386
rlrange=50,sigma2=10
Scale,nR,nL,RSCT1,RSCT2,BFST1,RSCL1,RSCL2,BFSL
0,0,0,4.254779999882885e-05,0.00045421520000491,0.008969246399999974,12.842,4.528,3.37
rlrange=50,sigma2=10
Scale,nR,nL,RSCT1,RSCT2,BFST1,RSCL1,RSCL2,BFSL
0,0,0,4.0485800007445506e-05,0.00041055840000353783,0.008154069599995636,13.472,4.322,3.3
rlrange=50,sigma2=10
Scale,nR,nL,RSCT1,RSCT2,BFST1,RSCL1,RSCL2,BFSL
0,0,0,3.81725999959599e-05,0.00041816939998534506,0.007407295999994858,13.046,4.58,3.344
rlrange=50,sigma2=10
Scale,nR,nL,RSCT1,RSCT2,BFST1,RSCL1,RSCL2,BFSL
0,0,0,4.277539999293367e-05,0.0004194617999892216,0.008171899599996323,13.906,4.318,3.31
rlrange=50,sigma2=10
Scale,nR,nL,RSCT1,RSCT2,BFST1,RSCL1,RSCL2,BFSL
0,0,0,3.974839999955293e-05,0.0003864594000042416,0.006493246199994246,13.568,4.14,3.316
rlrange=50,sigma2=10
Scale,nR,nL,RSCT1,RSCT2,BFST1,RSCL1,RSCL2,BFSL
0,0,0,4.326620002393611e-05,0.00045680420002281607,0.007620009200010827,14.216,4.59,3.35
rlrange=50,sigma2=10
Scale,nR,nL,RSCT1,RSCT2,BFST1,RSCL1,RSCL2,BFSL
0,0,0,4.072140000334912e-05,0.0003988196000100288,0.009372585800004345,14.31,4.292,3.364
rlrange=50,sigma2=10
Scale,nR,nL,RSCT1,RSCT2,BFST1,RSCL1,RSCL2,BFSL
0,0,0,4.1604800010645705e-05,0.00044077300000571997,0.00872973880000609,14.256,4.304,3.408
rlrange=50,sigma2=10
Scale,nR,nL,RSCT1,RSCT2,BFST1,RSCL1,RSCL2,BFSL
0,0,0,4.3615400008093274e-05,0.00041757339999549004,0.008384129400000348,14.228,4.658,3.382
rlrange=50,sigma2=10
Scale,nR,nL,RSCT1,RSCT2,BFST1,RSCL1,RSCL2,BFSL
0,0,0,4.114160000517586e-05,0.0004202570000106789,0.007709585400025389,13.654,4.526,3.338
rlrange=50,sigma2=10
Scale,nR,nL,RSCT1,RSCT2,BFST1,RSCL1,RSCL2,BFSL
0,0,0,4.321520000758028e-05,0.0004449910000230375,0.008793873000006898,13.78,4.264,3.34
rlrange=50,sigma2=10
Scale,nR,nL,RSCT1,RSCT2,BFST1,RSCL1,RSCL2,BFSL
0,0,0,3.8791399985711905e-05,0.00025242619998243755,0.008912324200015974,13.84,13.84,3.326
rlrange=50,sigma2=10
Scale,nR,nL,RSCT1,RSCT2,BFST1,RSCL1,RSCL2,BFSL
0,0,0,4.4069600004149834e-05,0.0005089717999990171,0.00847252899999694,14.562,6.664,3.318
rlrange=50,sigma2=10
Scale,nR,nL,RSCT1,RSCT2,BFST1,RSCL1,RSCL2,BFSL
0,0,0,4.7032800004672025e-05,0.0004985502000063207,0.008498012199998812,13.608,4.814,3.328
rlrange=50,sigma2=10
Scale,nR,nL,RSCT1,RSCT2,BFST1,RSCL1,RSCL2,BFSL
0,0,0,4.140420002022438e-05,0.00047368820002793654,0.008643788200001836,13.518,4.448,3.364
rlrange=50,sigma2=10
Scale,nR,nL,RSCT1,RSCT2,BFST1,RSCL1,RSCL2,BFSL
0,0,0,4.317639999680978e-05,0.0004798082000052091,0.008188904600005117,13.506,4.514,3.348
rlrange=50,sigma2=10
Scale,nR,nL,RSCT1,RSCT2,BFST1,RSCL1,RSCL2,BFSL
0,0,0,4.300319999038038e-05,0.0004555875999740238,0.008890411200002746,14.014,4.334,3.348
rlrange=50,sigma2=10
Scale,nR,nL,RSCT1,RSCT2,BFST1,RSCL1,RSCL2,BFSL
0,0,0,3.921340000215423e-05,0.0004184772000180601,0.009096042800012583,13.854,4.184,3.366
rlrange=50,sigma2=10
Scale,nR,nL,RSCT1,RSCT2,BFST1,RSCL1,RSCL2,BFSL
0,0,0,4.000659998655465e-05,0.00042054940000252827,0.006691447999990487,14.234,4.426,3.336
rlrange=50,sigma2=10
Scale,nR,nL,RSCT1,RSCT2,BFST1,RSCL1,RSCL2,BFSL
0,0,0,4.277219999130466e-05,0.0004611817999930281,0.007910803200001282,13.554,4.528,3.406
rlrange=50,sigma2=10
Scale,nR,nL,RSCT1,RSCT2,BFST1,RSCL1,RSCL2,BFSL
0,0,0,3.948419998960162e-05,0.0004467333999973562,0.007985005999997156,12.674,4.366,3.306
rlrange=50,sigma2=10
Scale,nR,nL,RSCT1,RSCT2,BFST1,RSCL1,RSCL2,BFSL
0,0,0,3.900800000064919e-05,0.00043832220000149393,0.00798774800000865,14.146,4.488,3.378
rlrange=50,sigma2=10
Scale,nR,nL,RSCT1,RSCT2,BFST1,RSCL1,RSCL2,BFSL
0,0,0,4.020620000483177e-05,0.00046213219999481224,0.008168556400009947,14.2,4.548,3.354
rlrange=50,sigma2=10
Scale,nR,nL,RSCT1,RSCT2,BFST1,RSCL1,RSCL2,BFSL
0,0,0,4.199140000218904e-05,0.0004446769999931348,0.00798741840000821,13.998,4.328,3.314
rlrange=50,sigma2=10
Scale,nR,nL,RSCT1,RSCT2,BFST1,RSCL1,RSCL2,BFSL
0,0,0,4.0799199998218684e-05,0.0004361794000133159,0.0083657623999934,14.032,4.27,3.336
rlrange=50,sigma2=10
Scale,nR,nL,RSCT1,RSCT2,BFST1,RSCL1,RSCL2,BFSL
0,0,0,4.172979999475501e-05,0.00043540180000763937,0.00863267459999497,13.738,4.29,3.294
rlrange=50,sigma2=10
Scale,nR,nL,RSCT1,RSCT2,BFST1,RSCL1,RSCL2,BFSL
0,0,0,4.1478000012830304e-05,0.00041852080001353895,0.00937091000000055,14.642,4.384,3.35
rlrange=50,sigma2=10
Scale,nR,nL,RSCT1,RSCT2,BFST1,RSCL1,RSCL2,BFSL
0,0,0,3.919159999531985e-05,0.0004323493999954735,0.008271348799995394,13.754,4.29,3.33
rlrange=50,sigma2=10
Scale,nR,nL,RSCT1,RSCT2,BFST1,RSCL1,RSCL2,BFSL
0,0,0,3.9147199992839885e-05,0.00040854379998199876,0.0076293612000099525,14.612,4.386,3.358
rlrange=50,sigma2=10
Scale,nR,nL,RSCT1,RSCT2,BFST1,RSCL1,RSCL2,BFSL
0,0,0,3.839280000556755e-05,0.0004054666000074576,0.008745780999997805,13.642,4.228,3.354
rlrange=50,sigma2=10
Scale,nR,nL,RSCT1,RSCT2,BFST1,RSCL1,RSCL2,BFSL
0,0,0,4.188200000771758e-05,0.0004412814000152139,0.009073055800004113,14.188,4.26,3.32
rlrange=50,sigma2=10
Scale,nR,nL,RSCT1,RSCT2,BFST1,RSCL1,RSCL2,BFSL
0,0,0,4.333579998365167e-05,0.000443735599993488,0.00914338520000092,14.574,4.276,3.312
rlrange=50,sigma2=10
Scale,nR,nL,RSCT1,RSCT2,BFST1,RSCL1,RSCL2,BFSL
0,0,0,4.010059999109217e-05,0.0002786399999895366,0.008675005800007057,13.892,13.892,3.34
rlrange=50,sigma2=10
Scale,nR,nL,RSCT1,RSCT2,BFST1,RSCL1,RSCL2,BFSL
0,0,0,3.917420000288985e-05,0.0004743780000126208,0.0074401281999917045,12.852,6.568,3.332
rlrange=50,sigma2=10
Scale,nR,nL,RSCT1,RSCT2,BFST1,RSCL1,RSCL2,BFSL
0,0,0,4.081840001163073e-05,0.0005434338000177377,0.008875796200007243,13.294,5.246,3.332
rlrange=50,sigma2=10
Scale,nR,nL,RSCT1,RSCT2,BFST1,RSCL1,RSCL2,BFSL
0,0,0,3.980439999668306e-05,0.00047088599999460713,0.008799990399998932,14.038,4.662,3.348
rlrange=50,sigma2=10
Scale,nR,nL,RSCT1,RSCT2,BFST1,RSCL1,RSCL2,BFSL
0,0,0,2.6936399991427605e-05,0.00030445919999692704,0.006063082200012104,14.52,4.382,3.384
rlrange=50,sigma2=10
Scale,nR,nL,RSCT1,RSCT2,BFST1,RSCL1,RSCL2,BFSL
0,0,0,2.6459800004886347e-05,0.0003010809999959747,0.006615111599994634,13.956,4.314,3.332
rlrange=50,sigma2=10
Scale,nR,nL,RSCT1,RSCT2,BFST1,RSCL1,RSCL2,BFSL
0,0,0,2.6424999999107968e-05,0.00030520119998709563,0.006452390400007062,14.16,4.608,3.322
rlrange=50,sigma2=10
Scale,nR,nL,RSCT1,RSCT2,BFST1,RSCL1,RSCL2,BFSL
0,0,0,2.6879400000325405e-05,0.00032902100001047077,0.005922624200003156,13.112,4.574,3.314
rlrange=50,sigma2=10
Scale,nR,nL,RSCT1,RSCT2,BFST1,RSCL1,RSCL2,BFSL
0,0,0,4.0344999998524144e-05,0.0003922523999963232,0.009225044799998614,13.738,4.202,3.28
rlrange=50,sigma2=10
Scale,nR,nL,RSCT1,RSCT2,BFST1,RSCL1,RSCL2,BFSL
0,0,0,2.8875399993921747e-05,0.00034337299998969683,0.006751102199990783,13.37,4.332,3.322
rlrange=50,sigma2=10
Scale,nR,nL,RSCT1,RSCT2,BFST1,RSCL1,RSCL2,BFSL
0,0,0,3.2273599997097335e-05,0.0003454630000123871,0.008356251199992585,13.744,4.12,3.288
rlrange=50,sigma2=10
Scale,nR,nL,RSCT1,RSCT2,BFST1,RSCL1,RSCL2,BFSL
0,0,0,2.708760001223709e-05,0.0003049728000132745,0.006345543399996131,13.442,4.5,3.346
rlrange=50,sigma2=10
Scale,nR,nL,RSCT1,RSCT2,BFST1,RSCL1,RSCL2,BFSL
0,0,0,2.5293200006672123e-05,0.0002888760000241746,0.0057025848000093905,13.944,4.318,3.324
rlrange=50,sigma2=10
Scale,nR,nL,RSCT1,RSCT2,BFST1,RSCL1,RSCL2,BFSL
0,0,0,2.4886399996830734e-05,0.00027582859997983176,0.0060700110000007045,13.172,4.204,3.336
rlrange=50,sigma2=10
Scale,nR,nL,RSCT1,RSCT2,BFST1,RSCL1,RSCL2,BFSL
0,0,0,2.6370800005679483e-05,0.00029474420000860847,0.00580471659999148,14.3,4.408,3.314
rlrange=50,sigma2=10
Scale,nR,nL,RSCT1,RSCT2,BFST1,RSCL1,RSCL2,BFSL
0,0,0,2.489619999050774e-05,0.0002968743999763319,0.0059555017999864505,13.538,4.45,3.348
rlrange=50,sigma2=10
Scale,nR,nL,RSCT1,RSCT2,BFST1,RSCL1,RSCL2,BFSL
0,0,0,2.6362600005086278e-05,0.0002923964000028718,0.007079899200001819,13.502,4.252,3.336
rlrange=50,sigma2=10
Scale,nR,nL,RSCT1,RSCT2,BFST1,RSCL1,RSCL2,BFSL
0,0,0,2.3806800008060237e-05,0.0002841728000030344,0.005930832799993368,13.34,4.472,3.342
rlrange=50,sigma2=10
Scale,nR,nL,RSCT1,RSCT2,BFST1,RSCL1,RSCL2,BFSL
0,0,0,2.5911000024279928e-05,0.0002855280000212588,0.005888704599995435,14.322,4.206,3.386
rlrange=50,sigma2=10
Scale,nR,nL,RSCT1,RSCT2,BFST1,RSCL1,RSCL2,BFSL
0,0,0,2.537359999223554e-05,0.0002958501999864893,0.005643086600010974,14.208,4.634,3.35
rlrange=50,sigma2=10
Scale,nR,nL,RSCT1,RSCT2,BFST1,RSCL1,RSCL2,BFSL
0,0,0,2.3918399997455707e-05,0.0002723420000002079,0.005987257599993427,13.326,4.278,3.316
